DateTime,EventId,EventType,RecordId
2025-04-27 17:22:37,7001,User logon notification,35802
2025-04-27 18:28:08,7002,User logoff notification,35904
2025-04-28 19:08:15,7001,User logon notification,35959
2025-04-28 19:43:59,7002,User logoff notification,36070
2025-04-28 20:04:23,7001,User logon notification,36101
2025-04-29 00:46:38,7002,User logoff notification,36187
2025-04-29 09:07:01,7001,User logon notification,36222
2025-04-29 09:37:15,7002,User logoff notification,36323
2025-04-29 11:32:37,7001,User logon notification,36358
2025-04-29 14:28:00,7002,User logoff notification,36452
2025-04-29 16:20:00,7001,User logon notification,36484
2025-04-29 23:03:03,7002,User logoff notification,36592
2025-04-30 07:35:21,7001,User logon notification,36631
2025-04-30 08:50:23,7002,User logoff notification,36730
2025-04-30 17:06:36,7001,User logon notification,36764
2025-04-30 22:26:44,7002,User logoff notification,36884
2025-05-01 08:18:39,7001,User logon notification,36920
2025-05-01 21:17:13,7002,User logoff notification,37133
2025-05-01 21:34:52,7001,User logon notification,37168
2025-05-01 23:23:18,7002,User logoff notification,37240
2025-05-02 08:43:31,7001,User logon notification,37277
2025-05-02 12:31:47,7002,User logoff notification,37386
2025-05-03 10:43:01,7001,User logon notification,37431
2025-05-03 11:55:42,7002,User logoff notification,37549
2025-05-03 13:15:37,7001,User logon notification,37581
2025-05-03 16:21:17,7002,User logoff notification,37664
2025-05-04 15:41:09,7001,User logon notification,37710
2025-05-04 21:47:02,7002,User logoff notification,37843
2025-05-05 19:30:28,7001,User logon notification,37892
2025-05-05 19:34:55,7002,User logoff notification,37969
2025-05-05 19:57:07,7001,User logon notification,38003
2025-05-05 23:54:51,7002,User logoff notification,38094
2025-05-06 09:39:19,7001,User logon notification,38134
2025-05-06 23:06:27,7002,User logoff notification,38341
2025-05-07 08:19:39,7001,User logon notification,38376
2025-05-07 15:05:05,7002,User logoff notification,38501
2025-05-08 10:45:54,7001,User logon notification,38540
2025-05-08 13:14:51,7002,User logoff notification,38702
2025-05-08 23:15:10,7001,User logon notification,38741
2025-05-08 23:24:36,7002,User logoff notification,38808
2025-05-09 07:40:47,7001,User logon notification,38843
2025-05-09 08:32:19,7002,User logoff notification,38947
2025-05-09 19:16:55,7001,User logon notification,38979
2025-05-09 20:08:14,7002,User logoff notification,39100
2025-05-09 20:12:12,7001,User logon notification,39325
2025-05-09 23:54:01,7002,User logoff notification,39484
2025-05-10 13:52:45,7001,User logon notification,39682
2025-05-10 14:02:36,7002,User logoff notification,39796
2025-05-10 15:30:58,7001,User logon notification,39828
2025-05-10 23:39:44,7002,User logoff notification,39953
2025-05-11 08:53:34,7001,User logon notification,39988
2025-05-11 10:17:00,7002,User logoff notification,40081
2025-05-11 12:08:31,7001,User logon notification,40115
2025-05-11 13:15:28,7002,User logoff notification,40197
2025-05-11 16:08:54,7001,User logon notification,40229
2025-05-11 20:53:23,7002,User logoff notification,40347
2025-05-12 19:46:08,7001,User logon notification,40391
2025-05-12 22:35:25,7002,User logoff notification,40633
2025-05-13 10:12:00,7001,User logon notification,40672
2025-05-13 12:30:28,7002,User logoff notification,40789
2025-05-13 16:18:23,7001,User logon notification,40821
2025-05-13 17:51:50,7002,User logoff notification,40912
2025-05-13 19:39:27,7001,User logon notification,40946
2025-05-13 23:00:27,7002,User logoff notification,41027
2025-05-14 17:34:42,7001,User logon notification,41069
2025-05-14 20:53:58,7002,User logoff notification,41203
2025-05-14 20:55:25,7001,User logon notification,41420
2025-05-15 07:44:49,7001,User logon notification,41731
2025-05-15 10:30:26,7002,User logoff notification,41849
2025-05-15 14:00:47,7001,User logon notification,41883
2025-05-15 23:12:16,7002,User logoff notification,42093
2025-05-16 08:32:26,7001,User logon notification,42142
2025-05-16 16:16:06,7002,User logoff notification,42273
2025-05-17 11:07:15,7001,User logon notification,42330
2025-05-17 11:40:52,7002,User logoff notification,42423
2025-05-17 11:41:44,7001,User logon notification,42642
2025-05-17 23:53:01,7002,User logoff notification,42787
2025-05-18 08:43:22,7001,User logon notification,42983
2025-05-18 09:45:50,7002,User logoff notification,43098
2025-05-18 19:50:59,7001,User logon notification,43133
2025-05-18 21:30:14,7002,User logoff notification,43248
2025-05-19 19:41:33,7001,User logon notification,43286
2025-05-19 22:04:46,7002,User logoff notification,43396
2025-05-20 20:56:44,7001,User logon notification,43438
2025-05-20 21:43:37,7002,User logoff notification,43558
2025-05-22 07:12:54,7001,User logon notification,43594
2025-05-22 08:46:44,7002,User logoff notification,43726
2025-05-22 10:36:59,7001,User logon notification,43760
2025-05-22 23:02:42,7002,User logoff notification,44080
2025-05-23 16:48:54,7001,User logon notification,44286
2025-05-24 09:19:12,7001,User logon notification,44635
2025-05-24 17:17:48,7002,User logoff notification,44787
2025-05-25 17:06:09,7001,User logon notification,44834
2025-05-25 22:49:53,7002,User logoff notification,44926
2025-05-26 19:17:17,7001,User logon notification,44966
2025-05-26 23:15:08,7002,User logoff notification,45146
2025-05-27 07:24:58,7001,User logon notification,45179
2025-05-27 09:17:39,7002,User logoff notification,45259
2025-05-27 11:08:29,7001,User logon notification,45294
2025-05-27 17:42:34,7002,User logoff notification,45397
2025-05-27 20:33:01,7001,User logon notification,45431
2025-05-27 23:00:58,7002,User logoff notification,45537
2025-05-28 17:55:55,7001,User logon notification,45581
2025-05-28 22:59:05,7002,User logoff notification,45781
2025-05-29 07:58:46,7001,User logon notification,45808
2025-05-29 10:06:55,7002,User logoff notification,45932
2025-05-29 10:08:30,7001,User logon notification,46189
2025-05-29 10:11:32,7002,User logoff notification,46297
2025-05-29 11:15:28,7001,User logon notification,46498
2025-05-29 11:24:41,7002,User logoff notification,46601
2025-05-29 11:51:44,7001,User logon notification,46634
2025-05-29 12:46:14,7002,User logoff notification,46723
2025-05-29 20:14:08,7001,User logon notification,46762
2025-05-29 22:56:53,7002,User logoff notification,46869
2025-05-30 10:21:36,7001,User logon notification,46911
2025-05-30 12:12:16,7002,User logoff notification,47019
2025-05-30 18:25:55,7001,User logon notification,47047
2025-05-31 00:41:08,7002,User logoff notification,47179
2025-05-31 10:11:58,7001,User logon notification,47220
2025-05-31 15:25:11,7002,User logoff notification,47357
2025-06-01 08:19:13,7001,User logon notification,47391
2025-06-01 10:06:45,7002,User logoff notification,47490
2025-06-01 13:06:15,7001,User logon notification,47524
2025-06-01 16:46:57,7002,User logoff notification,47610
2025-06-01 18:56:24,7001,User logon notification,47637
2025-06-01 22:44:14,7002,User logoff notification,47764
2025-06-02 19:37:15,7001,User logon notification,47834
2025-06-02 22:19:38,7002,User logoff notification,48047
2025-06-03 07:54:35,7001,User logon notification,48082
2025-06-03 09:50:33,7002,User logoff notification,48177
2025-06-03 11:43:01,7001,User logon notification,48212
2025-06-03 13:01:02,7002,User logoff notification,48297
2025-06-03 14:41:51,7001,User logon notification,48329
2025-06-03 16:28:44,7002,User logoff notification,48450
2025-06-03 19:02:45,7001,User logon notification,48477
2025-06-03 22:42:30,7002,User logoff notification,48572
2025-06-04 18:10:45,7001,User logon notification,48617
2025-06-04 23:13:59,7002,User logoff notification,48747
2025-06-05 07:35:55,7001,User logon notification,48783
2025-06-05 10:16:47,7002,User logoff notification,48894
2025-06-05 20:58:46,7001,User logon notification,48928
2025-06-05 23:13:34,7002,User logoff notification,49039
2025-06-06 17:19:51,7001,User logon notification,49081
2025-06-06 23:50:40,7002,User logoff notification,49261
2025-06-07 08:18:28,7001,User logon notification,49296
2025-06-07 11:06:48,7002,User logoff notification,49402
2025-06-07 12:03:18,7001,User logon notification,49438
2025-06-07 13:13:27,7002,User logoff notification,49516
2025-06-07 17:25:25,7001,User logon notification,49549
2025-06-07 23:33:41,7002,User logoff notification,49643
2025-06-08 08:47:04,7001,User logon notification,49677
2025-06-08 09:58:40,7002,User logoff notification,49776
2025-06-08 12:29:20,7001,User logon notification,49813
2025-06-08 23:15:21,7002,User logoff notification,49941
2025-06-09 07:11:26,7001,User logon notification,49977
2025-06-09 23:19:11,7002,User logoff notification,50180
2025-06-10 21:34:22,7001,User logon notification,50219
2025-06-10 22:43:00,7002,User logoff notification,50346
2025-06-11 06:50:07,7001,User logon notification,50386
2025-06-11 07:51:33,7002,User logoff notification,50475
2025-06-11 18:27:46,7001,User logon notification,50517
2025-06-11 23:42:55,7002,User logoff notification,50683
2025-06-12 07:38:38,7001,User logon notification,50717
2025-06-12 11:33:34,7002,User logoff notification,50853
2025-06-12 13:10:16,7001,User logon notification,50900
2025-06-12 15:50:11,7002,User logoff notification,51037
2025-06-12 15:51:08,7001,User logon notification,51263
2025-06-12 16:19:45,7002,User logoff notification,51382
2025-06-12 20:59:14,7001,User logon notification,51424
2025-06-12 22:57:29,7002,User logoff notification,51504
2025-06-13 07:25:22,7001,User logon notification,51539
2025-06-13 23:00:28,7002,User logoff notification,51804
2025-06-14 10:56:30,7001,User logon notification,51842
2025-06-14 23:33:38,7002,User logoff notification,52005
2025-06-15 09:43:26,7001,User logon notification,52042
2025-06-15 09:58:27,7002,User logoff notification,52129
2025-06-15 12:44:37,7001,User logon notification,52171
2025-06-15 13:28:02,7002,User logoff notification,52248
2025-06-15 22:10:27,7001,User logon notification,52305
2025-06-16 00:02:01,7002,User logoff notification,52397
2025-06-16 19:26:11,7001,User logon notification,52434
2025-06-16 23:08:37,7002,User logoff notification,52547
2025-06-17 08:31:40,7001,User logon notification,52582
2025-06-17 08:58:17,7002,User logoff notification,52708
2025-06-17 10:58:24,7001,User logon notification,52743
2025-06-17 13:53:38,7002,User logoff notification,52834
2025-06-17 18:33:36,7001,User logon notification,52868
2025-06-17 23:24:57,7002,User logoff notification,52980
2025-06-18 08:48:46,7001,User logon notification,53021
2025-06-18 11:45:28,7002,User logoff notification,53118
2025-06-19 11:10:00,7001,User logon notification,53155
2025-06-19 13:07:12,7002,User logoff notification,53292
2025-06-19 19:47:52,7001,User logon notification,53326
2025-06-19 22:52:15,7002,User logoff notification,53420
2025-06-20 18:11:28,7001,User logon notification,53463
2025-06-20 20:17:20,7002,User logoff notification,53593
2025-06-21 07:15:13,7001,User logon notification,53631
2025-06-21 14:25:49,7002,User logoff notification,53771
2025-06-21 17:12:06,7001,User logon notification,53813
2025-06-21 22:46:08,7002,User logoff notification,53993
2025-06-22 13:03:47,7001,User logon notification,54021
2025-06-23 19:29:37,7001,User logon notification,54328
2025-06-24 07:31:11,7001,User logon notification,54654
2025-06-24 09:14:15,7002,User logoff notification,54799
2025-06-24 11:21:44,7001,User logon notification,54818
2025-06-24 16:44:46,7002,User logoff notification,54913
2025-06-24 21:02:58,7001,User logon notification,54935
2025-06-24 22:45:11,7002,User logoff notification,55107
2025-06-25 06:44:28,7001,User logon notification,55128
2025-06-25 12:49:35,7002,User logoff notification,55249
2025-06-25 16:06:07,7001,User logon notification,55271
2025-06-25 22:40:38,7002,User logoff notification,55393
2025-06-26 07:28:52,7001,User logon notification,55415
2025-06-26 09:16:48,7002,User logoff notification,55484
2025-06-26 11:38:12,7001,User logon notification,55503
2025-06-26 17:39:47,7002,User logoff notification,55631
2025-06-26 19:46:24,7001,User logon notification,55813
2025-06-26 20:21:23,7002,User logoff notification,55883
2025-06-26 20:44:56,7001,User logon notification,55904
2025-06-26 22:29:33,7002,User logoff notification,56010
2025-06-27 16:06:42,7001,User logon notification,56048
2025-06-27 20:22:50,7002,User logoff notification,56194
2025-06-27 21:58:24,7001,User logon notification,56222
2025-06-28 00:05:00,7002,User logoff notification,56330
2025-06-28 00:06:33,7001,User logon notification,56568
2025-06-28 12:18:24,7001,User logon notification,56736
2025-06-28 14:33:45,7002,User logoff notification,56825
2025-06-28 18:55:28,7001,User logon notification,56845
2025-06-28 23:29:15,7002,User logoff notification,57005
2025-06-29 08:29:55,7001,User logon notification,57028
2025-06-29 10:11:10,7002,User logoff notification,57122
2025-06-29 18:11:39,7001,User logon notification,57146
2025-06-29 21:16:21,7002,User logoff notification,57213
2025-06-30 10:37:42,7001,User logon notification,57243
2025-06-30 12:27:08,7002,User logoff notification,57326
2025-06-30 12:59:15,7001,User logon notification,57348
2025-06-30 13:02:24,7002,User logoff notification,57407
2025-06-30 15:31:39,7001,User logon notification,57425
2025-06-30 22:46:45,7002,User logoff notification,57578
2025-07-01 09:10:48,7001,User logon notification,57608
2025-07-01 10:50:01,7002,User logoff notification,57698
2025-07-01 13:23:01,7001,User logon notification,57720
2025-07-01 21:11:58,7002,User logoff notification,57830
2025-07-01 22:05:38,7001,User logon notification,58012
2025-07-01 23:27:00,7002,User logoff notification,58146
2025-07-02 07:13:17,7001,User logon notification,58166
2025-07-02 17:29:40,7002,User logoff notification,58325
2025-07-03 06:30:20,7001,User logon notification,58358
2025-07-03 09:49:10,7002,User logoff notification,58457
2025-07-03 10:36:58,7001,User logon notification,58479
2025-07-03 15:55:53,7002,User logoff notification,58575
2025-07-03 17:18:49,7001,User logon notification,58597
2025-07-03 18:14:23,7002,User logoff notification,58721
2025-07-03 19:58:42,7001,User logon notification,58740
2025-07-03 22:57:39,7002,User logoff notification,58832
2025-07-04 06:31:48,7001,User logon notification,58860
2025-07-04 15:43:38,7002,User logoff notification,58992
2025-07-04 20:33:17,7001,User logon notification,59013
2025-07-04 22:47:17,7002,User logoff notification,59132
2025-07-05 07:12:27,7001,User logon notification,59152
2025-07-05 23:36:14,7002,User logoff notification,59300
2025-07-06 08:42:56,7001,User logon notification,59343
2025-07-06 10:13:46,7002,User logoff notification,59439
2025-07-06 13:38:17,7001,User logon notification,59468
2025-07-06 15:59:17,7002,User logoff notification,59555
2025-07-07 07:20:33,7001,User logon notification,59585
2025-07-07 07:33:28,7002,User logoff notification,59676
2025-07-07 07:34:10,7001,User logon notification,59884
2025-07-07 20:51:40,7001,User logon notification,60218
2025-07-07 23:04:13,7002,User logoff notification,60324
2025-07-08 07:24:14,7001,User logon notification,60348
2025-07-08 09:55:00,7002,User logoff notification,60444
2025-07-08 09:56:50,7001,User logon notification,60465
2025-07-08 10:17:53,7002,User logoff notification,60535
2025-07-08 11:50:56,7001,User logon notification,60554
2025-07-08 12:41:36,7002,User logoff notification,60619
2025-07-08 20:05:30,7001,User logon notification,60636
2025-07-08 23:35:59,7002,User logoff notification,60793
2025-07-09 07:06:44,7001,User logon notification,60847
2025-07-09 13:52:06,7002,User logoff notification,60952
2025-07-09 13:53:18,7001,User logon notification,61181
2025-07-09 22:01:33,7001,User logon notification,61409
2025-07-09 22:58:48,7002,User logoff notification,61518
2025-07-10 09:28:16,7001,User logon notification,61547
2025-07-10 15:12:23,7002,User logoff notification,61673
2025-07-10 16:13:43,7001,User logon notification,61692
2025-07-10 23:21:57,7002,User logoff notification,61778
2025-07-11 07:31:38,7001,User logon notification,61956
2025-07-11 17:15:03,7002,User logoff notification,62141
2025-07-11 20:27:39,7001,User logon notification,62170
2025-07-11 23:10:49,7002,User logoff notification,62248
2025-07-12 07:49:10,7001,User logon notification,62270
2025-07-12 13:39:49,7002,User logoff notification,62381
2025-07-12 16:24:58,7001,User logon notification,62401
2025-07-12 22:56:10,7002,User logoff notification,62488
2025-07-13 08:59:03,7001,User logon notification,62514
2025-07-13 09:44:05,7002,User logoff notification,62596
2025-07-16 20:33:43,7001,User logon notification,62647
2025-07-16 22:54:33,7002,User logoff notification,62820
2025-07-17 06:30:42,7001,User logon notification,62840
2025-07-17 15:43:48,7002,User logoff notification,62989
2025-07-17 16:25:38,7001,User logon notification,63009
2025-07-17 22:45:25,7002,User logoff notification,63104
2025-07-18 10:47:35,7001,User logon notification,63129
2025-07-18 11:24:37,7002,User logoff notification,63212
2025-07-18 13:10:10,7001,User logon notification,63235
2025-07-18 13:31:28,7002,User logoff notification,63298
2025-07-20 17:03:55,7001,User logon notification,63322
2025-07-20 22:36:46,7002,User logoff notification,63521
2025-07-21 19:50:34,7001,User logon notification,63551
2025-07-21 22:31:57,7002,User logoff notification,63647
2025-07-22 21:28:54,7001,User logon notification,64034
2025-07-22 22:47:49,7002,User logoff notification,64197
2025-07-23 18:49:54,7001,User logon notification,64219
2025-07-23 18:55:08,7002,User logoff notification,64314
2025-07-23 18:56:48,7001,User logon notification,64525
2025-07-24 20:44:12,7001,User logon notification,64801
2025-07-24 22:59:49,7002,User logoff notification,64950
2025-07-25 06:26:25,7001,User logon notification,64977
2025-07-25 14:08:38,7001,User logon notification,65360
2025-07-26 11:23:15,7001,User logon notification,65630
2025-07-26 11:57:04,7002,User logoff notification,65712
2025-07-26 13:47:17,7001,User logon notification,65733
2025-07-26 16:59:02,7002,User logoff notification,65824
2025-07-26 22:52:52,7001,User logon notification,65849
2025-07-27 02:10:56,7002,User logoff notification,65935
2025-07-27 08:49:41,7001,User logon notification,65957
2025-07-27 10:10:42,7002,User logoff notification,66024
2025-07-27 10:30:28,7001,User logon notification,66045
2025-07-27 10:34:39,7002,User logoff notification,66110
2025-07-27 11:56:39,7001,User logon notification,66140
2025-07-27 14:03:26,7002,User logoff notification,66202
2025-07-27 22:12:31,7001,User logon notification,66225
2025-07-27 22:31:49,7002,User logoff notification,66318
2025-07-27 22:35:26,7001,User logon notification,66492
2025-07-28 00:11:27,7002,User logoff notification,66584
2025-07-28 19:06:39,7001,User logon notification,66614
2025-07-28 22:53:28,7002,User logoff notification,66725
2025-07-29 15:16:38,7001,User logon notification,66753
2025-07-29 20:24:44,7001,User logon notification,66982
2025-07-30 17:08:25,7001,User logon notification,67234
2025-07-30 17:33:21,7002,User logoff notification,67382
2025-07-30 20:22:34,7001,User logon notification,67421
2025-07-30 22:05:07,7002,User logoff notification,67493
2025-07-31 17:44:54,7001,User logon notification,67530
2025-07-31 22:31:01,7002,User logoff notification,67687
2025-08-01 12:47:05,7001,User logon notification,67725
2025-08-01 14:44:42,7002,User logoff notification,67833
2025-08-01 17:17:43,7001,User logon notification,67854
2025-08-02 00:39:34,7002,User logoff notification,68012
2025-08-02 09:14:36,7001,User logon notification,68041
2025-08-02 11:58:03,7002,User logoff notification,68127
2025-08-02 14:05:49,7001,User logon notification,68146
2025-08-02 16:45:56,7002,User logoff notification,68321
2025-08-02 20:07:12,7001,User logon notification,68343
2025-08-02 21:04:49,7002,User logoff notification,68423
2025-08-02 21:57:42,7001,User logon notification,68444
2025-08-02 23:32:22,7002,User logoff notification,68513
2025-08-03 08:24:12,7001,User logon notification,68540
2025-08-03 09:37:47,7002,User logoff notification,68622
2025-08-03 13:22:56,7001,User logon notification,68642
2025-08-03 14:13:51,7002,User logoff notification,68717
2025-08-03 17:26:17,7001,User logon notification,68739
2025-08-03 17:47:14,7002,User logoff notification,68808
2025-08-03 18:31:26,7001,User logon notification,68828
2025-08-03 19:28:05,7002,User logoff notification,68901
2025-08-03 20:10:08,7001,User logon notification,68920
2025-08-03 22:44:03,7002,User logoff notification,68982
2025-08-04 07:03:37,7001,User logon notification,69004
2025-08-04 07:42:09,7002,User logoff notification,69115
2025-08-04 18:48:31,7001,User logon notification,69144
2025-08-04 22:59:56,7002,User logoff notification,69267
2025-08-05 19:27:38,7001,User logon notification,69297
2025-08-05 19:31:28,7002,User logoff notification,69384
2025-08-05 20:52:00,7001,User logon notification,69412
2025-08-05 23:50:02,7002,User logoff notification,69543
2025-08-06 21:39:51,7001,User logon notification,69569
2025-08-06 22:32:56,7002,User logoff notification,69690
2025-08-07 12:10:15,7001,User logon notification,69728
2025-08-07 12:27:52,7002,User logoff notification,69805
2025-08-07 17:25:19,7001,User logon notification,69825
2025-08-07 22:32:46,7002,User logoff notification,69944
2025-08-08 07:23:36,7001,User logon notification,69966
2025-08-08 13:41:06,7002,User logoff notification,70078
2025-08-08 17:32:08,7001,User logon notification,70101
2025-08-08 19:00:02,7002,User logoff notification,70182
2025-08-08 21:41:09,7001,User logon notification,70368
2025-08-08 23:23:51,7002,User logoff notification,70463
2025-08-09 08:01:26,7001,User logon notification,70484
2025-08-09 12:15:24,7002,User logoff notification,70613
2025-08-09 20:16:32,7001,User logon notification,70637
2025-08-09 23:00:03,7002,User logoff notification,70723
2025-08-10 13:49:12,7001,User logon notification,70747
2025-08-10 15:58:55,7002,User logoff notification,70838
2025-08-11 17:47:42,7001,User logon notification,70865
2025-08-11 19:48:32,7002,User logoff notification,70992
2025-08-11 21:16:01,7001,User logon notification,71011
2025-08-11 23:26:28,7002,User logoff notification,71088
2025-08-12 16:13:40,7001,User logon notification,71116
2025-08-12 16:52:12,7002,User logoff notification,71213
2025-08-12 21:13:26,7001,User logon notification,71233
2025-08-12 22:50:08,7002,User logoff notification,71318
2025-08-13 07:00:46,7001,User logon notification,71338
2025-08-13 15:34:03,7002,User logoff notification,71473
2025-08-13 15:35:08,7001,User logon notification,71657
2025-08-14 09:49:37,7001,User logon notification,72017
2025-08-14 23:00:49,7002,User logoff notification,72234
2025-08-15 07:18:43,7001,User logon notification,72256
2025-08-15 19:49:02,7002,User logoff notification,72443
2025-08-16 16:43:55,7001,User logon notification,72477
2025-08-16 18:09:53,7002,User logoff notification,72576
2025-08-16 22:40:32,7001,User logon notification,72608
2025-08-16 22:48:19,7002,User logoff notification,72681
2025-08-17 09:33:39,7001,User logon notification,72708
2025-08-17 14:11:04,7002,User logoff notification,72789
2025-08-18 07:47:21,7001,User logon notification,72844
2025-08-18 19:58:09,7002,User logoff notification,72992
2025-08-18 21:31:36,7001,User logon notification,73023
2025-08-18 23:09:07,7002,User logoff notification,73146
2025-08-20 20:33:06,7001,User logon notification,73201
2025-08-20 22:40:51,7002,User logoff notification,73322
2025-08-21 06:40:50,7001,User logon notification,73351
2025-08-21 08:34:19,7002,User logoff notification,73445
2025-08-21 19:55:09,7001,User logon notification,73479
2025-08-21 23:59:51,7002,User logoff notification,73599
2025-08-22 07:49:48,7001,User logon notification,73630
2025-08-22 14:24:30,7001,User logon notification,73905
2025-08-22 19:40:49,7001,User logon notification,74147
2025-08-22 23:16:31,7002,User logoff notification,74276
2025-08-23 07:53:52,7001,User logon notification,74297
2025-08-23 09:33:11,7002,User logoff notification,74391
2025-08-23 13:17:53,7001,User logon notification,74410
2025-08-23 16:10:40,7002,User logoff notification,74487
2025-08-23 22:44:59,7001,User logon notification,74513
2025-08-24 01:12:25,7002,User logoff notification,74621
2025-08-24 08:59:56,7001,User logon notification,74645
2025-08-24 10:05:03,7002,User logoff notification,74722
2025-08-24 12:47:24,7001,User logon notification,74744
2025-08-24 14:02:27,7002,User logoff notification,74811
2025-08-24 15:07:02,7001,User logon notification,74830
2025-08-24 23:48:11,7002,User logoff notification,74955
2025-08-25 20:55:34,7001,User logon notification,74986
2025-08-25 23:36:49,7002,User logoff notification,75191
2025-08-26 13:23:55,7001,User logon notification,75219
2025-08-26 19:31:08,7002,User logoff notification,75388
2025-08-26 21:16:40,7001,User logon notification,75409
2025-08-26 22:37:24,7002,User logoff notification,75492
2025-08-27 07:03:25,7001,User logon notification,75514
2025-08-27 19:46:26,7002,User logoff notification,75719
2025-08-27 21:25:27,7001,User logon notification,75740
2025-08-27 23:21:54,7002,User logoff notification,75825
2025-08-28 07:48:17,7001,User logon notification,75848
2025-08-28 08:17:20,7002,User logoff notification,75936
2025-08-28 20:16:24,7001,User logon notification,75961
2025-08-28 22:27:37,7002,User logoff notification,76077
2025-08-29 06:59:33,7001,User logon notification,76098
2025-08-29 14:58:36,7002,User logoff notification,76257
2025-08-29 18:15:32,7001,User logon notification,76283
2025-08-30 00:18:56,7002,User logoff notification,76398
2025-08-30 09:54:47,7001,User logon notification,76422
2025-08-30 12:19:34,7002,User logoff notification,76542
2025-08-30 12:26:32,7001,User logon notification,76892
2025-08-30 12:26:46,7002,User logoff notification,76901
2025-08-30 14:20:42,7001,User logon notification,76923
2025-08-30 15:29:12,7002,User logoff notification,76996
2025-08-30 16:11:08,7001,User logon notification,77014
2025-08-30 22:56:44,7002,User logoff notification,77117
2025-08-31 09:43:51,7001,User logon notification,77138
2025-08-31 10:00:58,7002,User logoff notification,77247
2025-09-01 20:17:51,7001,User logon notification,77275
2025-09-01 22:56:30,7002,User logoff notification,77421
2025-09-02 06:39:59,7001,User logon notification,77448
2025-09-02 08:31:37,7002,User logoff notification,77537
2025-09-02 13:46:16,7001,User logon notification,77561
2025-09-02 23:12:45,7002,User logoff notification,77760
2025-09-03 21:39:28,7001,User logon notification,77793
2025-09-03 22:41:03,7002,User logoff notification,77894
2025-09-04 11:48:03,7001,User logon notification,77921
2025-09-05 15:02:54,7001,User logon notification,78147
2025-09-06 07:45:07,7001,User logon notification,78502
2025-09-06 10:25:20,7002,User logoff notification,78595
2025-09-06 14:16:41,7001,User logon notification,78616
2025-09-06 20:58:17,7002,User logoff notification,78706
2025-09-07 08:18:40,7001,User logon notification,78746
2025-09-07 09:53:41,7002,User logoff notification,78833
2025-09-07 09:59:15,7001,User logon notification,78852
2025-09-07 10:02:39,7002,User logoff notification,78914
2025-09-07 12:38:51,7001,User logon notification,78933
2025-09-07 13:53:53,7002,User logoff notification,78995
2025-09-07 16:30:15,7001,User logon notification,79015
2025-09-07 18:03:05,7002,User logoff notification,79104
2025-09-08 17:45:30,7001,User logon notification,79139
2025-09-08 19:34:29,7002,User logoff notification,79267
2025-09-08 19:53:55,7001,User logon notification,79288
2025-09-08 23:16:23,7002,User logoff notification,79387
2025-09-09 07:38:05,7001,User logon notification,79407
2025-09-09 07:52:01,7002,User logoff notification,79514
2025-09-09 07:52:56,7001,User logon notification,79699
2025-09-09 22:17:54,7002,User logoff notification,79863
2025-09-09 22:18:59,7001,User logon notification,80049
2025-09-10 21:25:37,7001,User logon notification,80235
2025-09-10 23:10:02,7002,User logoff notification,80381
2025-09-11 07:47:45,7001,User logon notification,80408
2025-09-11 20:19:28,7002,User logoff notification,80606
2025-09-11 21:37:13,7001,User logon notification,80628
2025-09-11 23:21:09,7002,User logoff notification,80762
2025-09-12 07:09:31,7001,User logon notification,80781
2025-09-12 15:47:32,7001,User logon notification,81044
2025-09-13 11:20:38,7001,User logon notification,81332
2025-09-13 19:53:19,7002,User logoff notification,81496
2025-09-14 09:42:45,7001,User logon notification,81524
2025-09-14 10:02:23,7002,User logoff notification,81618
2025-09-14 13:29:27,7001,User logon notification,81640
2025-09-14 14:16:50,7002,User logoff notification,81725
2025-09-14 15:41:38,7001,User logon notification,81746
2025-09-14 22:42:14,7002,User logoff notification,81836
2025-09-15 09:34:04,7001,User logon notification,81857
2025-09-15 21:07:48,7001,User logon notification,82233
2025-09-16 06:43:34,7001,User logon notification,82466
2025-09-16 07:20:26,7002,User logoff notification,82565
2025-09-16 22:07:43,7001,User logon notification,82591
2025-09-16 23:16:19,7002,User logoff notification,82702
2025-09-17 06:45:49,7001,User logon notification,82722
2025-09-17 07:54:20,7002,User logoff notification,82851
2025-09-17 19:44:15,7001,User logon notification,82902
2025-09-17 23:18:19,7002,User logoff notification,83008
2025-09-18 06:42:42,7001,User logon notification,83030
2025-09-18 07:33:13,7002,User logoff notification,83124
2025-09-18 21:24:35,7001,User logon notification,83147
2025-09-18 22:46:18,7002,User logoff notification,83274
2025-09-19 14:22:43,7001,User logon notification,83306
2025-09-20 00:01:44,7002,User logoff notification,83557
2025-09-20 17:53:02,7001,User logon notification,83601
2025-09-20 22:18:20,7002,User logoff notification,83726
2025-09-21 09:23:27,7001,User logon notification,83758
2025-09-21 10:05:58,7002,User logoff notification,83836
2025-09-21 16:18:23,7001,User logon notification,83866
2025-09-21 21:06:57,7002,User logoff notification,83979
2025-09-21 22:00:10,7001,User logon notification,84005
2025-09-21 23:00:51,7002,User logoff notification,84085
2025-09-22 19:41:31,7001,User logon notification,84129
2025-09-23 18:09:53,7001,User logon notification,84425
2025-09-23 20:51:34,7001,User logon notification,84674
2025-09-24 19:26:33,7001,User logon notification,84901
2025-09-25 19:28:55,7001,User logon notification,85230
2025-09-25 23:11:51,7002,User logoff notification,85384
2025-09-26 09:47:46,7001,User logon notification,85585
2025-09-26 19:46:59,7001,User logon notification,85904
2025-09-26 23:35:33,7002,User logoff notification,86007
2025-09-27 10:30:19,7001,User logon notification,86029
2025-09-27 13:23:51,7002,User logoff notification,86122
2025-09-27 16:48:17,7001,User logon notification,86141
2025-09-27 17:27:20,7002,User logoff notification,86206
2025-09-28 14:25:10,7001,User logon notification,86234
2025-09-28 18:39:27,7002,User logoff notification,86374
2025-09-29 20:23:17,7001,User logon notification,86406
2025-09-29 22:56:33,7002,User logoff notification,86516
2025-09-30 07:41:32,7001,User logon notification,86538
2025-10-01 03:43:43,7002,User logoff notification,86893
2025-10-01 07:33:48,7001,User logon notification,87264
2025-10-01 08:02:15,7002,User logoff notification,87335
2025-10-01 18:10:49,7001,User logon notification,87371
2025-10-01 20:58:49,7002,User logoff notification,87529
2025-10-02 08:25:15,7001,User logon notification,87558
2025-10-02 08:56:16,7002,User logoff notification,87736
2025-10-02 21:25:15,7001,User logon notification,87761
2025-10-02 23:17:37,7002,User logoff notification,87905
2025-10-03 07:56:43,7001,User logon notification,87928
2025-10-03 23:02:13,7002,User logoff notification,88185
2025-10-04 08:38:09,7001,User logon notification,88222
2025-10-04 23:42:32,7002,User logoff notification,88436
2025-10-05 10:32:38,7001,User logon notification,88459
2025-10-05 20:27:49,7002,User logoff notification,88597
2025-10-06 20:18:27,7001,User logon notification,88793
2025-10-06 23:00:03,7002,User logoff notification,89003
2025-10-07 11:09:36,7001,User logon notification,89025
2025-10-07 22:54:10,7002,User logoff notification,89200
2025-10-08 19:18:17,7001,User logon notification,89248
2025-10-08 23:33:05,7002,User logoff notification,89421
2025-10-09 07:35:43,7001,User logon notification,89443
2025-10-09 08:35:15,7002,User logoff notification,89602
2025-10-09 08:35:52,7001,User logon notification,89773
2025-10-09 08:38:14,7002,User logoff notification,89888
2025-10-09 08:38:53,7001,User logon notification,90043
2025-10-09 17:24:49,7001,User logon notification,90243
2025-10-09 18:12:02,7002,User logoff notification,90418
2025-10-10 07:53:08,7001,User logon notification,90439
2025-10-10 17:21:56,7001,User logon notification,90773
2025-10-11 09:25:21,7001,User logon notification,91021
2025-10-12 01:49:18,7002,User logoff notification,91358
2025-10-12 10:35:49,7001,User logon notification,91380
2025-10-12 13:24:49,7002,User logoff notification,91519
2025-10-12 17:38:58,7001,User logon notification,91540
2025-10-13 19:41:07,7001,User logon notification,91823
2025-10-13 21:39:04,7002,User logoff notification,91927
2025-10-13 21:42:37,7001,User logon notification,92113
2025-10-14 19:56:07,7001,User logon notification,92384
2025-10-15 19:27:09,7001,User logon notification,92681
2025-10-15 22:46:23,7002,User logoff notification,92970
2025-10-15 22:48:17,7001,User logon notification,93299
2025-10-17 08:30:27,7001,User logon notification,93486
2025-10-18 00:20:45,7002,User logoff notification,93835
2025-10-18 08:39:51,7001,User logon notification,94015
2025-10-19 01:45:33,7002,User logoff notification,94243
2025-10-19 09:37:55,7001,User logon notification,94263
2025-10-19 15:19:03,7002,User logoff notification,94434
2025-10-19 15:45:03,7001,User logon notification,94452
2025-10-19 16:53:13,7002,User logoff notification,94523
2025-10-19 19:04:42,7001,User logon notification,94544
2025-10-19 20:42:06,7002,User logoff notification,94649
2025-10-20 20:08:45,7001,User logon notification,94677
2025-10-20 20:46:57,7002,User logoff notification,94815
2025-10-21 06:44:45,7001,User logon notification,94836
2025-10-22 07:42:51,7001,User logon notification,95129
2025-10-22 08:55:32,7002,User logoff notification,95328
2025-10-22 19:48:11,7001,User logon notification,95680
2025-10-22 23:02:34,7002,User logoff notification,95797
2025-10-23 20:08:33,7001,User logon notification,95827
2025-10-23 21:23:30,7002,User logoff notification,95974
2025-10-24 09:36:54,7001,User logon notification,96000
2025-10-24 10:01:37,7001,User logon notification,96287
2025-10-24 10:04:38,7002,User logoff notification,96368
2025-10-24 11:13:26,7001,User logon notification,96393
2025-10-24 14:18:39,7002,User logoff notification,96546
2025-10-24 14:58:10,7001,User logon notification,96565
2025-10-24 22:49:15,7002,User logoff notification,96728
2025-10-25 10:26:19,7001,User logon notification,96760
2025-10-25 19:41:43,7002,User logoff notification,96951
2025-10-26 08:30:15,7001,User logon notification,96982
2025-10-26 14:08:58,7002,User logoff notification,97152
2025-10-27 19:57:36,7001,User logon notification,97327
2025-10-27 22:53:27,7002,User logoff notification,97483
2025-10-28 07:33:44,7001,User logon notification,97503
2025-10-28 19:11:21,7001,User logon notification,97790
2025-10-29 17:32:35,7001,User logon notification,98054
2025-10-29 23:36:44,7002,User logoff notification,98268
2025-10-29 23:39:46,7001,User logon notification,98626
2025-10-29 23:40:25,7002,User logoff notification,98687
2025-10-30 07:36:37,7001,User logon notification,98830
2025-10-30 08:50:50,7002,User logoff notification,98999
2025-10-30 10:40:15,7001,User logon notification,99018
2025-10-31 07:35:32,7001,User logon notification,99273
2025-10-31 08:22:52,7002,User logoff notification,99444
2025-10-31 16:00:50,7001,User logon notification,99468
2025-11-01 11:34:37,7001,User logon notification,99857
2025-11-01 14:23:08,7002,User logoff notification,100004
2025-11-01 19:36:27,7001,User logon notification,100023
2025-11-01 23:01:28,7002,User logoff notification,100148
2025-11-02 09:08:24,7001,User logon notification,100168
2025-11-02 11:21:59,7002,User logoff notification,100289
2025-11-02 12:32:51,7001,User logon notification,100311
2025-11-02 14:52:55,7002,User logoff notification,100459
2025-11-02 21:09:52,7001,User logon notification,100483
2025-11-02 22:24:23,7002,User logoff notification,100598
2025-11-03 20:26:35,7001,User logon notification,100619
2025-11-03 22:50:43,7002,User logoff notification,100737
2025-11-04 05:12:35,7001,User logon notification,100760
2025-11-04 08:02:45,7002,User logoff notification,100884
2025-11-04 17:05:10,7001,User logon notification,100912
2025-11-04 21:29:15,7002,User logoff notification,101079
2025-11-05 07:15:40,7001,User logon notification,101105
2025-11-05 13:38:33,7002,User logoff notification,101326
2025-11-05 14:35:04,7001,User logon notification,101342
2025-11-05 15:25:57,7002,User logoff notification,101450
2025-11-05 17:57:07,7001,User logon notification,101472
2025-11-05 23:00:50,7002,User logoff notification,101616
2025-11-06 07:49:41,7001,User logon notification,101638
2025-11-06 08:24:06,7002,User logoff notification,101756
2025-11-06 11:53:39,7001,User logon notification,101778
2025-11-06 16:04:59,7001,User logon notification,102002
2025-11-06 19:37:54,7001,User logon notification,102331
2025-11-06 21:12:52,7001,User logon notification,102674
2025-11-06 23:01:17,7002,User logoff notification,102817
2025-11-07 06:08:19,7001,User logon notification,102839
2025-11-07 23:14:07,7002,User logoff notification,103055
2025-11-08 09:43:51,7001,User logon notification,103079
2025-11-09 02:31:36,7002,User logoff notification,103261
2025-11-09 11:22:24,7001,User logon notification,103289
2025-11-09 16:07:47,7002,User logoff notification,103445
2025-11-10 07:26:42,7001,User logon notification,103475
2025-11-10 08:29:35,7002,User logoff notification,103629
2025-11-10 09:32:27,7001,User logon notification,103650
2025-11-11 00:23:06,7002,User logoff notification,103904
2025-11-11 06:47:47,7001,User logon notification,103923
2025-11-11 08:05:06,7002,User logoff notification,104044
2025-11-11 17:37:19,7001,User logon notification,104069
2025-11-11 22:33:46,7002,User logoff notification,104174
2025-11-12 07:40:25,7001,User logon notification,104214
2025-11-12 08:39:52,7002,User logoff notification,104355
2025-11-12 08:41:42,7001,User logon notification,104695
2025-11-12 20:00:47,7001,User logon notification,104823
2025-11-12 22:46:51,7002,User logoff notification,105024
2025-11-13 06:48:55,7001,User logon notification,105045
2025-11-13 08:31:53,7002,User logoff notification,105119
2025-11-13 20:12:18,7001,User logon notification,105156
2025-11-13 22:36:28,7002,User logoff notification,105229
2025-11-14 05:25:09,7001,User logon notification,105256
2025-11-14 23:50:29,7002,User logoff notification,105539
2025-11-15 09:12:32,7001,User logon notification,105567
2025-11-15 11:02:43,7002,User logoff notification,105692
2025-11-15 11:26:15,7001,User logon notification,105714
2025-11-16 00:35:04,7002,User logoff notification,105907
2025-11-16 12:02:43,7001,User logon notification,105938
2025-11-16 22:49:15,7002,User logoff notification,106086
2025-11-17 17:43:02,7001,User logon notification,106113
2025-11-17 23:51:09,7002,User logoff notification,106276
2025-11-18 07:48:47,7001,User logon notification,106293
2025-11-18 08:46:44,7002,User logoff notification,106474
2025-11-18 11:12:41,7001,User logon notification,106495
2025-11-18 20:53:18,7002,User logoff notification,106676
2025-11-18 21:59:12,7001,User logon notification,106697
2025-11-18 23:28:47,7002,User logoff notification,106819
2025-11-19 08:34:44,7001,User logon notification,106840
2025-11-19 08:44:02,7002,User logoff notification,106940
2025-11-19 20:00:50,7001,User logon notification,106959
2025-11-19 22:56:26,7002,User logoff notification,107091
2025-11-20 17:26:23,7001,User logon notification,107120
2025-11-20 22:34:30,7002,User logoff notification,107308
2025-11-21 07:33:25,7001,User logon notification,107327
2025-11-21 08:30:11,7002,User logoff notification,107470
2025-11-21 09:12:32,7001,User logon notification,107489
2025-11-21 09:51:11,7002,User logoff notification,107604
2025-11-21 11:20:10,7001,User logon notification,107623
2025-11-21 16:29:54,7001,User logon notification,107915
2025-11-22 11:50:03,7001,User logon notification,108231
2025-11-22 15:05:06,7002,User logoff notification,108391
2025-11-22 18:11:09,7001,User logon notification,108413
2025-11-22 23:50:10,7002,User logoff notification,108543
2025-11-23 09:48:46,7001,User logon notification,108563
2025-11-23 22:46:46,7002,User logoff notification,108770
2025-11-24 19:19:39,7001,User logon notification,108797
2025-11-25 06:44:52,7001,User logon notification,109113
2025-11-25 20:09:51,7001,User logon notification,109387
2025-11-26 19:31:01,7001,User logon notification,109677
2025-11-27 17:32:13,7001,User logon notification,109973
2025-11-28 06:52:20,7001,User logon notification,110340
2025-11-28 19:28:51,7002,User logoff notification,110521
2025-11-28 20:53:25,7001,User logon notification,110541
2025-11-28 23:54:29,7002,User logoff notification,110655
2025-11-29 08:25:27,7001,User logon notification,110682
