"DateTime","EventId","LogName","EventType","Level","Username","ProcessName","Message","AdditionalInfo","RecordId"
"2025/09/29 20:23:02","6013","System","System uptime report","Information","N/A","N/A","The system uptime is 261397 seconds.","","86379"
"2025/09/29 22:56:30","1074","System","System shutdown/restart initiated","Information","N/A","N/A","The process Explorer.EXE has initiated the power off of computer AIGENT-4090 on behalf of user aigent-4090\piete for the following reason: Other (Unplanned)  Reason Code: 0x0  Shutdown Type: power off  Comment:","Reason: , Comment: ","86492"
"2025/09/29 22:56:35","42","System","System entering sleep","Information","N/A","N/A","The system is entering sleep.  Sleep Reason: Application API","","86519"
"2025/09/30 11:59:59","6013","System","System uptime report","Information","N/A","N/A","The system uptime is 317617 seconds.","","86668"
"2025/09/30 12:00:00","6013","System","System uptime report","Information","N/A","N/A","The system uptime is 317618 seconds.","","86669"
"2025/10/01 02:42:28","42","System","System entering sleep","Information","N/A","N/A","The system is entering sleep.  Sleep Reason: System Idle","","86831"
"2025/10/01 03:44:07","6006","System","System shutdown (Event Log service stopped)","Information","N/A","N/A","The Event log service was stopped.","","86894"
"2025/10/01 03:44:42","6013","System","System uptime report","Information","N/A","N/A","The system uptime is 12 seconds.","","86908"
"2025/10/01 03:44:42","6005","System","System startup (Event Log service started)","Information","N/A","N/A","The Event log service was started.","","86907"
"2025/10/01 03:45:13","1074","System","System shutdown/restart initiated","Information","N/A","N/A","The process C:\WINDOWS\servicing\TrustedInstaller.exe (AIGENT-4090) has initiated the restart of computer AIGENT-4090 on behalf of user NT AUTHORITY\SYSTEM for the following reason: Operating System: Upgrade (Planned)  Reason Code: 0x80020003  Shutdown Type: restart  Comment:","Reason: , Comment: ","87102"
"2025/10/01 03:45:14","6006","System","System shutdown (Event Log service stopped)","Information","N/A","N/A","The Event log service was stopped.","","87103"
"2025/10/01 03:45:41","6005","System","System startup (Event Log service started)","Information","N/A","N/A","The Event log service was started.","","87112"
"2025/10/01 03:45:41","6013","System","System uptime report","Information","N/A","N/A","The system uptime is 12 seconds.","","87113"
"2025/10/01 08:02:14","1074","System","System shutdown/restart initiated","Information","N/A","N/A","The process Explorer.EXE has initiated the power off of computer AIGENT-4090 on behalf of user aigent-4090\piete for the following reason: Other (Unplanned)  Reason Code: 0x0  Shutdown Type: power off  Comment:","Reason: , Comment: ","87311"
"2025/10/01 08:02:15","1074","System","System shutdown/restart initiated","Information","N/A","N/A","The process C:\WINDOWS\system32\winlogon.exe (AIGENT-4090) has initiated the power off of computer AIGENT-4090 on behalf of user NT AUTHORITY\SYSTEM for the following reason: No title for this reason could be found  Reason Code: 0x500ff  Shutdown Type: power off  Comment:","Reason: , Comment: ","87334"
"2025/10/01 08:02:17","42","System","System entering sleep","Information","N/A","N/A","The system is entering sleep.  Sleep Reason: Application API","","87339"
"2025/10/01 17:54:51","6013","System","System uptime report","Information","N/A","N/A","The system uptime is 50962 seconds.","","87342"
"2025/10/01 20:58:48","1074","System","System shutdown/restart initiated","Information","N/A","N/A","The process Explorer.EXE has initiated the power off of computer AIGENT-4090 on behalf of user aigent-4090\piete for the following reason: Other (Unplanned)  Reason Code: 0x0  Shutdown Type: power off  Comment:","Reason: , Comment: ","87506"
"2025/10/01 20:58:51","42","System","System entering sleep","Information","N/A","N/A","The system is entering sleep.  Sleep Reason: Application API","","87534"
"2025/10/02 08:56:15","1074","System","System shutdown/restart initiated","Information","N/A","N/A","The process Explorer.EXE has initiated the power off of computer AIGENT-4090 on behalf of user aigent-4090\piete for the following reason: Other (Unplanned)  Reason Code: 0x0  Shutdown Type: power off  Comment:","Reason: , Comment: ","87713"
"2025/10/02 08:56:17","42","System","System entering sleep","Information","N/A","N/A","The system is entering sleep.  Sleep Reason: Application API","","87739"
"2025/10/02 21:24:50","6013","System","System uptime report","Information","N/A","N/A","The system uptime is 149963 seconds.","","87742"
"2025/10/02 23:17:35","1074","System","System shutdown/restart initiated","Information","N/A","N/A","The process Explorer.EXE has initiated the power off of computer AIGENT-4090 on behalf of user aigent-4090\piete for the following reason: Other (Unplanned)  Reason Code: 0x0  Shutdown Type: power off  Comment:","Reason: , Comment: ","87881"
"2025/10/02 23:17:38","42","System","System entering sleep","Information","N/A","N/A","The system is entering sleep.  Sleep Reason: Application API","","87908"
"2025/10/03 12:00:00","6013","System","System uptime report","Information","N/A","N/A","The system uptime is 202474 seconds.","","88069"
"2025/10/03 23:02:10","1074","System","System shutdown/restart initiated","Information","N/A","N/A","The process Explorer.EXE has initiated the power off of computer AIGENT-4090 on behalf of user aigent-4090\piete for the following reason: Other (Unplanned)  Reason Code: 0x0  Shutdown Type: power off  Comment:","Reason: , Comment: ","88160"
"2025/10/03 23:02:15","42","System","System entering sleep","Information","N/A","N/A","The system is entering sleep.  Sleep Reason: Application API","","88190"
"2025/10/04 12:00:00","6013","System","System uptime report","Information","N/A","N/A","The system uptime is 288875 seconds.","","88339"
"2025/10/04 23:42:30","1074","System","System shutdown/restart initiated","Information","N/A","N/A","The process Explorer.EXE has initiated the power off of computer AIGENT-4090 on behalf of user aigent-4090\piete for the following reason: Other (Unplanned)  Reason Code: 0x0  Shutdown Type: power off  Comment:","Reason: , Comment: ","88412"
"2025/10/04 23:42:33","42","System","System entering sleep","Information","N/A","N/A","The system is entering sleep.  Sleep Reason: Application API","","88441"
"2025/10/05 11:59:59","6013","System","System uptime report","Information","N/A","N/A","The system uptime is 375274 seconds.","","88536"
"2025/10/05 12:00:00","6013","System","System uptime report","Information","N/A","N/A","The system uptime is 375275 seconds.","","88537"
"2025/10/05 20:27:48","1074","System","System shutdown/restart initiated","Information","N/A","N/A","The process Explorer.EXE has initiated the power off of computer AIGENT-4090 on behalf of user aigent-4090\piete for the following reason: Other (Unplanned)  Reason Code: 0x0  Shutdown Type: power off  Comment:","Reason: , Comment: ","88572"
"2025/10/05 20:27:50","6006","System","System shutdown (Event Log service stopped)","Information","N/A","N/A","The Event log service was stopped.","","88596"
"2025/10/06 19:28:30","6005","System","System startup (Event Log service started)","Information","N/A","N/A","The Event log service was started.","","88609"
"2025/10/06 19:28:30","6013","System","System uptime report","Information","N/A","N/A","The system uptime is 11 seconds.","","88610"
"2025/10/06 23:00:02","1074","System","System shutdown/restart initiated","Information","N/A","N/A","The process Explorer.EXE has initiated the power off of computer AIGENT-4090 on behalf of user aigent-4090\piete for the following reason: Other (Unplanned)  Reason Code: 0x0  Shutdown Type: power off  Comment:","Reason: , Comment: ","88979"
"2025/10/06 23:00:03","1074","System","System shutdown/restart initiated","Information","N/A","N/A","The process C:\WINDOWS\system32\winlogon.exe (AIGENT-4090) has initiated the power off of computer AIGENT-4090 on behalf of user NT AUTHORITY\SYSTEM for the following reason: No title for this reason could be found  Reason Code: 0x500ff  Shutdown Type: power off  Comment:","Reason: , Comment: ","89002"
"2025/10/06 23:00:05","42","System","System entering sleep","Information","N/A","N/A","The system is entering sleep.  Sleep Reason: Application API","","89007"
"2025/10/07 12:00:00","6013","System","System uptime report","Information","N/A","N/A","The system uptime is 59504 seconds.","","89125"
"2025/10/07 22:54:08","1074","System","System shutdown/restart initiated","Information","N/A","N/A","The process Explorer.EXE has initiated the power off of computer AIGENT-4090 on behalf of user aigent-4090\piete for the following reason: Other (Unplanned)  Reason Code: 0x0  Shutdown Type: power off  Comment:","Reason: , Comment: ","89177"
"2025/10/07 22:54:11","42","System","System entering sleep","Information","N/A","N/A","The system is entering sleep.  Sleep Reason: Application API","","89206"
"2025/10/08 19:16:05","6013","System","System uptime report","Information","N/A","N/A","The system uptime is 172068 seconds.","","89207"
"2025/10/08 23:33:03","1074","System","System shutdown/restart initiated","Information","N/A","N/A","The process Explorer.EXE has initiated the power off of computer AIGENT-4090 on behalf of user aigent-4090\piete for the following reason: Other (Unplanned)  Reason Code: 0x0  Shutdown Type: power off  Comment:","Reason: , Comment: ","89398"
"2025/10/08 23:33:06","42","System","System entering sleep","Information","N/A","N/A","The system is entering sleep.  Sleep Reason: Application API","","89425"
"2025/10/09 08:35:19","6006","System","System shutdown (Event Log service stopped)","Information","N/A","N/A","The Event log service was stopped.","","89603"
"2025/10/09 08:35:50","6013","System","System uptime report","Information","N/A","N/A","The system uptime is 12 seconds.","","89616"
"2025/10/09 08:35:50","6005","System","System startup (Event Log service started)","Information","N/A","N/A","The Event log service was started.","","89615"
"2025/10/09 08:38:12","1074","System","System shutdown/restart initiated","Information","N/A","N/A","The process C:\WINDOWS\uus\AMD64\MoNotificationUx.exe (AIGENT-4090) has initiated the restart of computer AIGENT-4090 on behalf of user aigent-4090\piete for the following reason: Operating System: Service pack (Planned)  Reason Code: 0x80020010  Shutdown Type: restart  Comment:","Reason: , Comment: ","89865"
"2025/10/09 08:38:24","6006","System","System shutdown (Event Log service stopped)","Information","N/A","N/A","The Event log service was stopped.","","89889"
"2025/10/09 08:38:52","6005","System","System startup (Event Log service started)","Information","N/A","N/A","The Event log service was started.","","89900"
"2025/10/09 08:38:52","6013","System","System uptime report","Information","N/A","N/A","The system uptime is 11 seconds.","","89901"
"2025/10/09 17:24:38","41","System","System rebooted without cleanly shutting down","Critical","N/A","N/A","The system has rebooted without cleanly shutting down first. This error could be caused if the system stopped responding, crashed, or lost power unexpectedly.","","90155"
"2025/10/09 17:24:49","6005","System","System startup (Event Log service started)","Information","N/A","N/A","The Event log service was started.","","90132"
"2025/10/09 17:24:49","6013","System","System uptime report","Information","N/A","N/A","The system uptime is 13 seconds.","","90133"
"2025/10/09 17:24:49","6008","System","Unexpected shutdown (previous shutdown was unexpected)","Error","N/A","N/A","The previous system shutdown at 8:38:52 AM on ‎10/‎9/‎2025 was unexpected.","","90130"
"2025/10/09 18:11:55","1074","System","System shutdown/restart initiated","Information","N/A","N/A","The process Explorer.EXE has initiated the power off of computer AIGENT-4090 on behalf of user aigent-4090\piete for the following reason: Other (Unplanned)  Reason Code: 0x0  Shutdown Type: power off  Comment:","Reason: , Comment: ","90393"
"2025/10/09 18:12:02","1074","System","System shutdown/restart initiated","Information","N/A","N/A","The process C:\WINDOWS\system32\winlogon.exe (AIGENT-4090) has initiated the power off of computer AIGENT-4090 on behalf of user NT AUTHORITY\SYSTEM for the following reason: No title for this reason could be found  Reason Code: 0x500ff  Shutdown Type: power off  Comment:","Reason: , Comment: ","90417"
"2025/10/09 18:12:03","42","System","System entering sleep","Information","N/A","N/A","The system is entering sleep.  Sleep Reason: Application API","","90422"
"2025/10/10 17:20:15","41","System","System rebooted without cleanly shutting down","Critical","N/A","N/A","The system has rebooted without cleanly shutting down first. This error could be caused if the system stopped responding, crashed, or lost power unexpectedly.","","90642"
"2025/10/10 17:20:25","6005","System","System startup (Event Log service started)","Information","N/A","N/A","The Event log service was started.","","90627"
"2025/10/10 17:20:25","6013","System","System uptime report","Information","N/A","N/A","The system uptime is 13 seconds.","","90628"
"2025/10/10 17:20:25","6008","System","Unexpected shutdown (previous shutdown was unexpected)","Error","N/A","N/A","The previous system shutdown at 8:25:32 AM on ‎10/‎10/‎2025 was unexpected.","","90625"
"2025/10/11 09:24:48","41","System","System rebooted without cleanly shutting down","Critical","N/A","N/A","The system has rebooted without cleanly shutting down first. This error could be caused if the system stopped responding, crashed, or lost power unexpectedly.","","90889"
"2025/10/11 09:25:00","6013","System","System uptime report","Information","N/A","N/A","The system uptime is 13 seconds.","","90875"
"2025/10/11 09:25:00","6005","System","System startup (Event Log service started)","Information","N/A","N/A","The Event log service was started.","","90874"
"2025/10/11 09:25:00","6008","System","Unexpected shutdown (previous shutdown was unexpected)","Error","N/A","N/A","The previous system shutdown at 5:20:25 PM on ‎10/‎10/‎2025 was unexpected.","","90864"
"2025/10/11 12:00:01","6013","System","System uptime report","Information","N/A","N/A","The system uptime is 9314 seconds.","","91261"
"2025/10/12 01:49:03","1074","System","System shutdown/restart initiated","Information","N/A","N/A","The process Explorer.EXE has initiated the power off of computer AIGENT-4090 on behalf of user aigent-4090\piete for the following reason: Other (Unplanned)  Reason Code: 0x0  Shutdown Type: power off  Comment:","Reason: , Comment: ","91331"
"2025/10/12 01:49:18","1074","System","System shutdown/restart initiated","Information","N/A","N/A","The process C:\WINDOWS\system32\winlogon.exe (AIGENT-4090) has initiated the power off of computer AIGENT-4090 on behalf of user NT AUTHORITY\SYSTEM for the following reason: No title for this reason could be found  Reason Code: 0x500ff  Shutdown Type: power off  Comment:","Reason: , Comment: ","91357"
"2025/10/12 01:49:19","42","System","System entering sleep","Information","N/A","N/A","The system is entering sleep.  Sleep Reason: Application API","","91361"
"2025/10/12 12:00:00","6013","System","System uptime report","Information","N/A","N/A","The system uptime is 95716 seconds.","","91473"
"2025/10/12 13:24:48","1074","System","System shutdown/restart initiated","Information","N/A","N/A","The process Explorer.EXE has initiated the power off of computer AIGENT-4090 on behalf of user aigent-4090\piete for the following reason: Other (Unplanned)  Reason Code: 0x0  Shutdown Type: power off  Comment:","Reason: , Comment: ","91495"
"2025/10/12 13:24:51","42","System","System entering sleep","Information","N/A","N/A","The system is entering sleep.  Sleep Reason: Application API","","91524"
"2025/10/12 22:20:42","42","System","System entering sleep","Information","N/A","N/A","The system is entering sleep.  Sleep Reason: System Idle","","91629"
"2025/10/13 19:38:49","41","System","System rebooted without cleanly shutting down","Critical","N/A","N/A","The system has rebooted without cleanly shutting down first. This error could be caused if the system stopped responding, crashed, or lost power unexpectedly.","","91689"
"2025/10/13 19:38:58","6008","System","Unexpected shutdown (previous shutdown was unexpected)","Error","N/A","N/A","The previous system shutdown at 9:44:53 PM on ‎10/‎12/‎2025 was unexpected.","","91672"
"2025/10/13 19:38:58","6005","System","System startup (Event Log service started)","Information","N/A","N/A","The Event log service was started.","","91674"
"2025/10/13 19:38:58","6013","System","System uptime report","Information","N/A","N/A","The system uptime is 11 seconds.","","91675"
"2025/10/13 21:38:50","1074","System","System shutdown/restart initiated","Information","N/A","N/A","The process Explorer.EXE has initiated the restart of computer AIGENT-4090 on behalf of user aigent-4090\piete for the following reason: Other (Unplanned)  Reason Code: 0x0  Shutdown Type: restart  Comment:","Reason: , Comment: ","91899"
"2025/10/13 21:39:04","1074","System","System shutdown/restart initiated","Information","N/A","N/A","The process C:\WINDOWS\system32\winlogon.exe (AIGENT-4090) has initiated the restart of computer AIGENT-4090 on behalf of user NT AUTHORITY\SYSTEM for the following reason: No title for this reason could be found  Reason Code: 0x500ff  Shutdown Type: restart  Comment:","Reason: , Comment: ","91926"
"2025/10/13 21:39:07","6006","System","System shutdown (Event Log service stopped)","Information","N/A","N/A","The Event log service was stopped.","","91929"
"2025/10/13 21:39:42","6005","System","System startup (Event Log service started)","Information","N/A","N/A","The Event log service was started.","","91937"
"2025/10/13 21:39:42","6013","System","System uptime report","Information","N/A","N/A","The system uptime is 11 seconds.","","91938"
"2025/10/13 23:17:06","1074","System","System shutdown/restart initiated","Information","N/A","N/A","The process Explorer.EXE has initiated the power off of computer AIGENT-4090 on behalf of user aigent-4090\piete for the following reason: Other (Unplanned)  Reason Code: 0x0  Shutdown Type: power off  Comment:","Reason: , Comment: ","92198"
"2025/10/14 19:55:21","41","System","System rebooted without cleanly shutting down","Critical","N/A","N/A","The system has rebooted without cleanly shutting down first. This error could be caused if the system stopped responding, crashed, or lost power unexpectedly.","","92253"
"2025/10/14 19:55:32","6008","System","Unexpected shutdown (previous shutdown was unexpected)","Error","N/A","N/A","The previous system shutdown at 10:59:42 PM on ‎10/‎13/‎2025 was unexpected.","","92228"
"2025/10/14 19:55:32","6013","System","System uptime report","Information","N/A","N/A","The system uptime is 13 seconds.","","92239"
"2025/10/14 19:55:32","6005","System","System startup (Event Log service started)","Information","N/A","N/A","The Event log service was started.","","92230"
"2025/10/15 19:26:27","41","System","System rebooted without cleanly shutting down","Critical","N/A","N/A","The system has rebooted without cleanly shutting down first. This error could be caused if the system stopped responding, crashed, or lost power unexpectedly.","","92550"
"2025/10/15 19:26:36","6013","System","System uptime report","Information","N/A","N/A","The system uptime is 11 seconds.","","92536"
"2025/10/15 19:26:36","6005","System","System startup (Event Log service started)","Information","N/A","N/A","The Event log service was started.","","92535"
"2025/10/15 19:26:36","6008","System","Unexpected shutdown (previous shutdown was unexpected)","Error","N/A","N/A","The previous system shutdown at 7:55:32 PM on ‎10/‎14/‎2025 was unexpected.","","92533"
"2025/10/15 22:46:21","1074","System","System shutdown/restart initiated","Information","N/A","N/A","The process C:\WINDOWS\uus\AMD64\MoNotificationUx.exe (AIGENT-4090) has initiated the restart of computer AIGENT-4090 on behalf of user aigent-4090\piete for the following reason: Operating System: Service pack (Planned)  Reason Code: 0x80020010  Shutdown Type: restart  Comment:","Reason: , Comment: ","92946"
"2025/10/15 22:46:34","6006","System","System shutdown (Event Log service stopped)","Information","N/A","N/A","The Event log service was stopped.","","92971"
"2025/10/15 22:47:09","6013","System","System uptime report","Information","N/A","N/A","The system uptime is 10 seconds.","","92982"
"2025/10/15 22:47:09","6005","System","System startup (Event Log service started)","Information","N/A","N/A","The Event log service was started.","","92981"
"2025/10/15 22:47:31","6006","System","System shutdown (Event Log service stopped)","Information","N/A","N/A","The Event log service was stopped.","","93147"
"2025/10/15 22:47:31","1074","System","System shutdown/restart initiated","Information","N/A","N/A","The process C:\WINDOWS\servicing\TrustedInstaller.exe (AIGENT-4090) has initiated the restart of computer AIGENT-4090 on behalf of user NT AUTHORITY\SYSTEM for the following reason: Operating System: Upgrade (Planned)  Reason Code: 0x80020003  Shutdown Type: restart  Comment:","Reason: , Comment: ","93148"
"2025/10/15 22:47:59","6005","System","System startup (Event Log service started)","Information","N/A","N/A","The Event log service was started.","","93157"
"2025/10/15 22:47:59","6013","System","System uptime report","Information","N/A","N/A","The system uptime is 12 seconds.","","93158"
"2025/10/17 08:28:49","41","System","System rebooted without cleanly shutting down","Critical","N/A","N/A","The system has rebooted without cleanly shutting down first. This error could be caused if the system stopped responding, crashed, or lost power unexpectedly.","","93338"
"2025/10/17 08:29:01","6013","System","System uptime report","Information","N/A","N/A","The system uptime is 13 seconds.","","93315"
"2025/10/17 08:29:01","6008","System","Unexpected shutdown (previous shutdown was unexpected)","Error","N/A","N/A","The previous system shutdown at 10:47:59 PM on ‎10/‎15/‎2025 was unexpected.","","93312"
"2025/10/17 08:29:01","6005","System","System startup (Event Log service started)","Information","N/A","N/A","The Event log service was started.","","93314"
"2025/10/17 12:00:00","6013","System","System uptime report","Information","N/A","N/A","The system uptime is 12672 seconds.","","93702"
"2025/10/18 00:20:43","1074","System","System shutdown/restart initiated","Information","N/A","N/A","The process Explorer.EXE has initiated the power off of computer AIGENT-4090 on behalf of user aigent-4090\piete for the following reason: Other (Unplanned)  Reason Code: 0x0  Shutdown Type: power off  Comment:","Reason: , Comment: ","93810"
"2025/10/18 00:20:45","1074","System","System shutdown/restart initiated","Information","N/A","N/A","The process C:\WINDOWS\system32\winlogon.exe (AIGENT-4090) has initiated the power off of computer AIGENT-4090 on behalf of user NT AUTHORITY\SYSTEM for the following reason: No title for this reason could be found  Reason Code: 0x500ff  Shutdown Type: power off  Comment:","Reason: , Comment: ","93834"
"2025/10/18 00:20:46","6006","System","System shutdown (Event Log service stopped)","Information","N/A","N/A","The Event log service was stopped.","","93836"
"2025/10/18 08:34:53","6005","System","System startup (Event Log service started)","Information","N/A","N/A","The Event log service was started.","","93848"
"2025/10/18 08:34:53","6013","System","System uptime report","Information","N/A","N/A","The system uptime is 12 seconds.","","93849"
"2025/10/18 12:00:00","6013","System","System uptime report","Information","N/A","N/A","The system uptime is 12319 seconds.","","94143"
"2025/10/19 01:45:31","1074","System","System shutdown/restart initiated","Information","N/A","N/A","The process Explorer.EXE has initiated the power off of computer AIGENT-4090 on behalf of user aigent-4090\piete for the following reason: Other (Unplanned)  Reason Code: 0x0  Shutdown Type: power off  Comment:","Reason: , Comment: ","94217"
"2025/10/19 01:45:33","1074","System","System shutdown/restart initiated","Information","N/A","N/A","The process C:\WINDOWS\system32\winlogon.exe (AIGENT-4090) has initiated the power off of computer AIGENT-4090 on behalf of user NT AUTHORITY\SYSTEM for the following reason: No title for this reason could be found  Reason Code: 0x500ff  Shutdown Type: power off  Comment:","Reason: , Comment: ","94242"
"2025/10/19 01:45:34","42","System","System entering sleep","Information","N/A","N/A","The system is entering sleep.  Sleep Reason: Application API","","94246"
"2025/10/19 12:00:00","6013","System","System uptime report","Information","N/A","N/A","The system uptime is 98722 seconds.","","94387"
"2025/10/19 15:19:02","1074","System","System shutdown/restart initiated","Information","N/A","N/A","The process Explorer.EXE has initiated the power off of computer AIGENT-4090 on behalf of user aigent-4090\piete for the following reason: Other (Unplanned)  Reason Code: 0x0  Shutdown Type: power off  Comment:","Reason: , Comment: ","94413"
"2025/10/19 15:19:05","42","System","System entering sleep","Information","N/A","N/A","The system is entering sleep.  Sleep Reason: Application API","","94437"
"2025/10/19 16:53:12","1074","System","System shutdown/restart initiated","Information","N/A","N/A","The process Explorer.EXE has initiated the power off of computer AIGENT-4090 on behalf of user aigent-4090\piete for the following reason: Other (Unplanned)  Reason Code: 0x0  Shutdown Type: power off  Comment:","Reason: , Comment: ","94502"
"2025/10/19 16:53:15","42","System","System entering sleep","Information","N/A","N/A","The system is entering sleep.  Sleep Reason: Application API","","94526"
"2025/10/19 20:42:05","1074","System","System shutdown/restart initiated","Information","N/A","N/A","The process Explorer.EXE has initiated the power off of computer AIGENT-4090 on behalf of user aigent-4090\piete for the following reason: Other (Unplanned)  Reason Code: 0x0  Shutdown Type: power off  Comment:","Reason: , Comment: ","94629"
"2025/10/19 20:42:08","42","System","System entering sleep","Information","N/A","N/A","The system is entering sleep.  Sleep Reason: Application API","","94654"
"2025/10/20 20:07:27","6013","System","System uptime report","Information","N/A","N/A","The system uptime is 214369 seconds.","","94657"
"2025/10/20 20:46:55","1074","System","System shutdown/restart initiated","Information","N/A","N/A","The process Explorer.EXE has initiated the power off of computer AIGENT-4090 on behalf of user aigent-4090\piete for the following reason: Other (Unplanned)  Reason Code: 0x0  Shutdown Type: power off  Comment:","Reason: , Comment: ","94795"
"2025/10/20 20:46:58","42","System","System entering sleep","Information","N/A","N/A","The system is entering sleep.  Sleep Reason: Application API","","94818"
"2025/10/21 08:08:16","1074","System","System shutdown/restart initiated","Information","N/A","N/A","The process Explorer.EXE has initiated the power off of computer AIGENT-4090 on behalf of user aigent-4090\piete for the following reason: Other (Unplanned)  Reason Code: 0x0  Shutdown Type: power off  Comment:","Reason: , Comment: ","94958"
"2025/10/22 07:42:16","41","System","System rebooted without cleanly shutting down","Critical","N/A","N/A","The system has rebooted without cleanly shutting down first. This error could be caused if the system stopped responding, crashed, or lost power unexpectedly.","","94998"
"2025/10/22 07:42:25","6005","System","System startup (Event Log service started)","Information","N/A","N/A","The Event log service was started.","","94983"
"2025/10/22 07:42:25","6008","System","Unexpected shutdown (previous shutdown was unexpected)","Error","N/A","N/A","The previous system shutdown at 7:33:02 AM on ‎10/‎21/‎2025 was unexpected.","","94981"
"2025/10/22 07:42:25","6013","System","System uptime report","Information","N/A","N/A","The system uptime is 11 seconds.","","94984"
"2025/10/22 08:55:30","1074","System","System shutdown/restart initiated","Information","N/A","N/A","The process C:\WINDOWS\SystemApps\Microsoft.Windows.StartMenuExperienceHost_cw5n1h2txyewy\StartMenuExperienceHost.exe (AIGENT-4090) has initiated the restart of computer AIGENT-4090 on behalf of user aigent-4090\piete for the following reason: Other (Unplanned)  Reason Code: 0x0  Shutdown Type: restart  Comment:","Reason: , Comment: ","95308"
"2025/10/22 08:55:40","6006","System","System shutdown (Event Log service stopped)","Information","N/A","N/A","The Event log service was stopped.","","95330"
"2025/10/22 08:56:12","6013","System","System uptime report","Information","N/A","N/A","The system uptime is 12 seconds.","","95340"
"2025/10/22 08:56:12","6005","System","System startup (Event Log service started)","Information","N/A","N/A","The Event log service was started.","","95339"
"2025/10/22 08:56:29","1074","System","System shutdown/restart initiated","Information","N/A","N/A","The process C:\WINDOWS\servicing\TrustedInstaller.exe (AIGENT-4090) has initiated the restart of computer AIGENT-4090 on behalf of user NT AUTHORITY\SYSTEM for the following reason: Operating System: Upgrade (Planned)  Reason Code: 0x80020003  Shutdown Type: restart  Comment:","Reason: , Comment: ","95499"
"2025/10/22 08:56:30","6006","System","System shutdown (Event Log service stopped)","Information","N/A","N/A","The Event log service was stopped.","","95498"
"2025/10/22 08:56:58","6013","System","System uptime report","Information","N/A","N/A","The system uptime is 12 seconds.","","95509"
"2025/10/22 08:56:58","6005","System","System startup (Event Log service started)","Information","N/A","N/A","The Event log service was started.","","95508"
"2025/10/22 12:00:00","6013","System","System uptime report","Information","N/A","N/A","The system uptime is 10994 seconds.","","95663"
"2025/10/22 12:57:18","42","System","System entering sleep","Information","N/A","N/A","The system is entering sleep.  Sleep Reason: System Idle","","95665"
"2025/10/22 23:02:33","1074","System","System shutdown/restart initiated","Information","N/A","N/A","The process Explorer.EXE has initiated the power off of computer AIGENT-4090 on behalf of user aigent-4090\piete for the following reason: Other (Unplanned)  Reason Code: 0x0  Shutdown Type: power off  Comment:","Reason: , Comment: ","95775"
"2025/10/22 23:02:34","1074","System","System shutdown/restart initiated","Information","N/A","N/A","The process C:\WINDOWS\system32\winlogon.exe (AIGENT-4090) has initiated the power off of computer AIGENT-4090 on behalf of user NT AUTHORITY\SYSTEM for the following reason: No title for this reason could be found  Reason Code: 0x500ff  Shutdown Type: power off  Comment:","Reason: , Comment: ","95796"
"2025/10/22 23:02:36","42","System","System entering sleep","Information","N/A","N/A","The system is entering sleep.  Sleep Reason: Application API","","95800"
"2025/10/23 20:06:59","6013","System","System uptime report","Information","N/A","N/A","The system uptime is 126614 seconds.","","95802"
"2025/10/23 21:23:28","1074","System","System shutdown/restart initiated","Information","N/A","N/A","The process Explorer.EXE has initiated the power off of computer AIGENT-4090 on behalf of user aigent-4090\piete for the following reason: Other (Unplanned)  Reason Code: 0x0  Shutdown Type: power off  Comment:","Reason: , Comment: ","95954"
"2025/10/23 21:23:32","42","System","System entering sleep","Information","N/A","N/A","The system is entering sleep.  Sleep Reason: Application API","","95977"
"2025/10/24 10:01:17","41","System","System rebooted without cleanly shutting down","Critical","N/A","N/A","The system has rebooted without cleanly shutting down first. This error could be caused if the system stopped responding, crashed, or lost power unexpectedly.","","96150"
"2025/10/24 10:01:28","6013","System","System uptime report","Information","N/A","N/A","The system uptime is 13 seconds.","","96134"
"2025/10/24 10:01:28","6005","System","System startup (Event Log service started)","Information","N/A","N/A","The Event log service was started.","","96120"
"2025/10/24 10:01:28","6008","System","Unexpected shutdown (previous shutdown was unexpected)","Error","N/A","N/A","The previous system shutdown at 8:51:26 PM on ‎10/‎23/‎2025 was unexpected.","","96118"
"2025/10/24 10:04:37","1074","System","System shutdown/restart initiated","Information","N/A","N/A","The process Explorer.EXE has initiated the power off of computer AIGENT-4090 on behalf of user aigent-4090\piete for the following reason: Other (Unplanned)  Reason Code: 0x0  Shutdown Type: power off  Comment:","Reason: , Comment: ","96347"
"2025/10/24 10:04:38","1074","System","System shutdown/restart initiated","Information","N/A","N/A","The process C:\WINDOWS\system32\winlogon.exe (AIGENT-4090) has initiated the power off of computer AIGENT-4090 on behalf of user NT AUTHORITY\SYSTEM for the following reason: No title for this reason could be found  Reason Code: 0x500ff  Shutdown Type: power off  Comment:","Reason: , Comment: ","96367"
"2025/10/24 10:04:40","42","System","System entering sleep","Information","N/A","N/A","The system is entering sleep.  Sleep Reason: Application API","","96371"
"2025/10/24 12:00:00","6013","System","System uptime report","Information","N/A","N/A","The system uptime is 7126 seconds.","","96512"
"2025/10/24 14:18:37","1074","System","System shutdown/restart initiated","Information","N/A","N/A","The process Explorer.EXE has initiated the power off of computer AIGENT-4090 on behalf of user aigent-4090\piete for the following reason: Other (Unplanned)  Reason Code: 0x0  Shutdown Type: power off  Comment:","Reason: , Comment: ","96525"
"2025/10/24 14:18:41","42","System","System entering sleep","Information","N/A","N/A","The system is entering sleep.  Sleep Reason: Application API","","96549"
"2025/10/24 22:49:13","1074","System","System shutdown/restart initiated","Information","N/A","N/A","The process Explorer.EXE has initiated the power off of computer AIGENT-4090 on behalf of user aigent-4090\piete for the following reason: Other (Unplanned)  Reason Code: 0x0  Shutdown Type: power off  Comment:","Reason: , Comment: ","96707"
"2025/10/24 22:49:16","42","System","System entering sleep","Information","N/A","N/A","The system is entering sleep.  Sleep Reason: Application API","","96733"
"2025/10/25 12:00:00","6013","System","System uptime report","Information","N/A","N/A","The system uptime is 93527 seconds.","","96873"
"2025/10/25 19:41:42","1074","System","System shutdown/restart initiated","Information","N/A","N/A","The process Explorer.EXE has initiated the power off of computer AIGENT-4090 on behalf of user aigent-4090\piete for the following reason: Other (Unplanned)  Reason Code: 0x0  Shutdown Type: power off  Comment:","Reason: , Comment: ","96930"
"2025/10/25 19:41:45","42","System","System entering sleep","Information","N/A","N/A","The system is entering sleep.  Sleep Reason: Application API","","96956"
"2025/10/26 12:00:00","6013","System","System uptime report","Information","N/A","N/A","The system uptime is 183528 seconds.","","97119"
"2025/10/26 14:08:57","1074","System","System shutdown/restart initiated","Information","N/A","N/A","The process Explorer.EXE has initiated the power off of computer AIGENT-4090 on behalf of user aigent-4090\piete for the following reason: Other (Unplanned)  Reason Code: 0x0  Shutdown Type: power off  Comment:","Reason: , Comment: ","97130"
"2025/10/26 14:08:59","6006","System","System shutdown (Event Log service stopped)","Information","N/A","N/A","The Event log service was stopped.","","97151"
"2025/10/27 19:57:27","6005","System","System startup (Event Log service started)","Information","N/A","N/A","The Event log service was started.","","97164"
"2025/10/27 19:57:27","6013","System","System uptime report","Information","N/A","N/A","The system uptime is 12 seconds.","","97165"
"2025/10/27 22:53:25","1074","System","System shutdown/restart initiated","Information","N/A","N/A","The process Explorer.EXE has initiated the power off of computer AIGENT-4090 on behalf of user aigent-4090\piete for the following reason: Other (Unplanned)  Reason Code: 0x0  Shutdown Type: power off  Comment:","Reason: , Comment: ","97461"
"2025/10/27 22:53:27","1074","System","System shutdown/restart initiated","Information","N/A","N/A","The process C:\WINDOWS\system32\winlogon.exe (AIGENT-4090) has initiated the power off of computer AIGENT-4090 on behalf of user NT AUTHORITY\SYSTEM for the following reason: No title for this reason could be found  Reason Code: 0x500ff  Shutdown Type: power off  Comment:","Reason: , Comment: ","97482"
"2025/10/27 22:53:28","42","System","System entering sleep","Information","N/A","N/A","The system is entering sleep.  Sleep Reason: Application API","","97487"
"2025/10/28 19:08:13","41","System","System rebooted without cleanly shutting down","Critical","N/A","N/A","The system has rebooted without cleanly shutting down first. This error could be caused if the system stopped responding, crashed, or lost power unexpectedly.","","97656"
"2025/10/28 19:08:22","6008","System","Unexpected shutdown (previous shutdown was unexpected)","Error","N/A","N/A","The previous system shutdown at 7:57:31 AM on ‎10/‎28/‎2025 was unexpected.","","97639"
"2025/10/28 19:08:22","6005","System","System startup (Event Log service started)","Information","N/A","N/A","The Event log service was started.","","97641"
"2025/10/28 19:08:22","6013","System","System uptime report","Information","N/A","N/A","The system uptime is 11 seconds.","","97642"
"2025/10/29 17:32:20","41","System","System rebooted without cleanly shutting down","Critical","N/A","N/A","The system has rebooted without cleanly shutting down first. This error could be caused if the system stopped responding, crashed, or lost power unexpectedly.","","97927"
"2025/10/29 17:32:30","6008","System","Unexpected shutdown (previous shutdown was unexpected)","Error","N/A","N/A","The previous system shutdown at 11:08:23 PM on ‎10/‎28/‎2025 was unexpected.","","97910"
"2025/10/29 17:32:30","6013","System","System uptime report","Information","N/A","N/A","The system uptime is 11 seconds.","","97913"
"2025/10/29 17:32:30","6005","System","System startup (Event Log service started)","Information","N/A","N/A","The Event log service was started.","","97912"
"2025/10/29 23:36:42","1074","System","System shutdown/restart initiated","Information","N/A","N/A","The process C:\WINDOWS\uus\AMD64\MoNotificationUx.exe (AIGENT-4090) has initiated the restart of computer AIGENT-4090 on behalf of user aigent-4090\piete for the following reason: Operating System: Service pack (Planned)  Reason Code: 0x80020010  Shutdown Type: restart  Comment:","Reason: , Comment: ","98240"
"2025/10/29 23:37:30","6006","System","System shutdown (Event Log service stopped)","Information","N/A","N/A","The Event log service was stopped.","","98269"
"2025/10/29 23:37:59","6005","System","System startup (Event Log service started)","Information","N/A","N/A","The Event log service was started.","","98279"
"2025/10/29 23:37:59","6013","System","System uptime report","Information","N/A","N/A","The system uptime is 12 seconds.","","98280"
"2025/10/29 23:38:31","6006","System","System shutdown (Event Log service stopped)","Information","N/A","N/A","The Event log service was stopped.","","98474"
"2025/10/29 23:38:31","1074","System","System shutdown/restart initiated","Information","N/A","N/A","The process C:\WINDOWS\servicing\TrustedInstaller.exe (AIGENT-4090) has initiated the restart of computer AIGENT-4090 on behalf of user NT AUTHORITY\SYSTEM for the following reason: Operating System: Upgrade (Planned)  Reason Code: 0x80020003  Shutdown Type: restart  Comment:","Reason: , Comment: ","98475"
"2025/10/29 23:39:02","6005","System","System startup (Event Log service started)","Information","N/A","N/A","The Event log service was started.","","98484"
"2025/10/29 23:39:02","6013","System","System uptime report","Information","N/A","N/A","The system uptime is 12 seconds.","","98485"
"2025/10/29 23:40:18","1074","System","System shutdown/restart initiated","Information","N/A","N/A","The process C:\WINDOWS\SystemApps\Microsoft.Windows.StartMenuExperienceHost_cw5n1h2txyewy\StartMenuExperienceHost.exe (AIGENT-4090) has initiated the power off of computer AIGENT-4090 on behalf of user aigent-4090\piete for the following reason: Other (Unplanned)  Reason Code: 0x0  Shutdown Type: power off  Comment:","Reason: , Comment: ","98662"
"2025/10/30 07:36:27","41","System","System rebooted without cleanly shutting down","Critical","N/A","N/A","The system has rebooted without cleanly shutting down first. This error could be caused if the system stopped responding, crashed, or lost power unexpectedly.","","98724"
"2025/10/30 07:36:37","6005","System","System startup (Event Log service started)","Information","N/A","N/A","The Event log service was started.","","98709"
"2025/10/30 07:36:37","6013","System","System uptime report","Information","N/A","N/A","The system uptime is 11 seconds.","","98710"
"2025/10/30 07:36:37","6008","System","Unexpected shutdown (previous shutdown was unexpected)","Error","N/A","N/A","The previous system shutdown at 11:39:02 PM on ‎10/‎29/‎2025 was unexpected.","","98707"
"2025/10/30 08:50:48","1074","System","System shutdown/restart initiated","Information","N/A","N/A","The process Explorer.EXE has initiated the power off of computer AIGENT-4090 on behalf of user aigent-4090\piete for the following reason: Other (Unplanned)  Reason Code: 0x0  Shutdown Type: power off  Comment:","Reason: , Comment: ","98975"
"2025/10/30 08:50:50","1074","System","System shutdown/restart initiated","Information","N/A","N/A","The process C:\WINDOWS\system32\winlogon.exe (AIGENT-4090) has initiated the power off of computer AIGENT-4090 on behalf of user NT AUTHORITY\SYSTEM for the following reason: No title for this reason could be found  Reason Code: 0x500ff  Shutdown Type: power off  Comment:","Reason: , Comment: ","98998"
"2025/10/30 08:50:51","42","System","System entering sleep","Information","N/A","N/A","The system is entering sleep.  Sleep Reason: Application API","","99002"
"2025/10/30 12:00:00","6013","System","System uptime report","Information","N/A","N/A","The system uptime is 15815 seconds.","","99096"
"2025/10/31 07:34:56","41","System","System rebooted without cleanly shutting down","Critical","N/A","N/A","The system has rebooted without cleanly shutting down first. This error could be caused if the system stopped responding, crashed, or lost power unexpectedly.","","99141"
"2025/10/31 07:35:07","6005","System","System startup (Event Log service started)","Information","N/A","N/A","The Event log service was started.","","99110"
"2025/10/31 07:35:07","6008","System","Unexpected shutdown (previous shutdown was unexpected)","Error","N/A","N/A","The previous system shutdown at 2:05:48 PM on ‎10/‎30/‎2025 was unexpected.","","99108"
"2025/10/31 07:35:07","6013","System","System uptime report","Information","N/A","N/A","The system uptime is 13 seconds.","","99111"
"2025/10/31 08:22:50","1074","System","System shutdown/restart initiated","Information","N/A","N/A","The process Explorer.EXE has initiated the power off of computer AIGENT-4090 on behalf of user aigent-4090\piete for the following reason: Other (Unplanned)  Reason Code: 0x0  Shutdown Type: power off  Comment:","Reason: , Comment: ","99420"
"2025/10/31 08:22:52","1074","System","System shutdown/restart initiated","Information","N/A","N/A","The process C:\WINDOWS\system32\winlogon.exe (AIGENT-4090) has initiated the power off of computer AIGENT-4090 on behalf of user NT AUTHORITY\SYSTEM for the following reason: No title for this reason could be found  Reason Code: 0x500ff  Shutdown Type: power off  Comment:","Reason: , Comment: ","99443"
"2025/10/31 08:22:53","42","System","System entering sleep","Information","N/A","N/A","The system is entering sleep.  Sleep Reason: Application API","","99448"
"2025/10/31 15:57:51","6013","System","System uptime report","Information","N/A","N/A","The system uptime is 30177 seconds.","","99449"
"2025/11/01 11:34:14","41","System","System rebooted without cleanly shutting down","Critical","N/A","N/A","The system has rebooted without cleanly shutting down first. This error could be caused if the system stopped responding, crashed, or lost power unexpectedly.","","99715"
"2025/11/01 11:34:26","6008","System","Unexpected shutdown (previous shutdown was unexpected)","Error","N/A","N/A","The previous system shutdown at 7:09:51 PM on ‎10/‎31/‎2025 was unexpected.","","99690"
"2025/11/01 11:34:26","6013","System","System uptime report","Information","N/A","N/A","The system uptime is 13 seconds.","","99693"
"2025/11/01 11:34:26","6005","System","System startup (Event Log service started)","Information","N/A","N/A","The Event log service was started.","","99692"
"2025/11/01 12:00:00","6013","System","System uptime report","Information","N/A","N/A","The system uptime is 1547 seconds.","","99924"
"2025/11/01 14:23:06","1074","System","System shutdown/restart initiated","Information","N/A","N/A","The process Explorer.EXE has initiated the power off of computer AIGENT-4090 on behalf of user aigent-4090\piete for the following reason: Other (Unplanned)  Reason Code: 0x0  Shutdown Type: power off  Comment:","Reason: , Comment: ","99977"
"2025/11/01 14:23:08","1074","System","System shutdown/restart initiated","Information","N/A","N/A","The process C:\WINDOWS\system32\winlogon.exe (AIGENT-4090) has initiated the power off of computer AIGENT-4090 on behalf of user NT AUTHORITY\SYSTEM for the following reason: No title for this reason could be found  Reason Code: 0x500ff  Shutdown Type: power off  Comment:","Reason: , Comment: ","100003"
"2025/11/01 14:23:09","42","System","System entering sleep","Information","N/A","N/A","The system is entering sleep.  Sleep Reason: Application API","","100007"
"2025/11/01 23:01:26","1074","System","System shutdown/restart initiated","Information","N/A","N/A","The process Explorer.EXE has initiated the power off of computer AIGENT-4090 on behalf of user aigent-4090\piete for the following reason: Other (Unplanned)  Reason Code: 0x0  Shutdown Type: power off  Comment:","Reason: , Comment: ","100122"
"2025/11/01 23:01:29","42","System","System entering sleep","Information","N/A","N/A","The system is entering sleep.  Sleep Reason: Application API","","100151"
"2025/11/02 11:21:58","1074","System","System shutdown/restart initiated","Information","N/A","N/A","The process Explorer.EXE has initiated the power off of computer AIGENT-4090 on behalf of user aigent-4090\piete for the following reason: Other (Unplanned)  Reason Code: 0x0  Shutdown Type: power off  Comment:","Reason: , Comment: ","100264"
"2025/11/02 11:22:01","42","System","System entering sleep","Information","N/A","N/A","The system is entering sleep.  Sleep Reason: Application API","","100292"
"2025/11/02 12:32:35","6013","System","System uptime report","Information","N/A","N/A","The system uptime is 89906 seconds.","","100296"
"2025/11/02 14:52:53","1074","System","System shutdown/restart initiated","Information","N/A","N/A","The process Explorer.EXE has initiated the power off of computer AIGENT-4090 on behalf of user aigent-4090\piete for the following reason: Other (Unplanned)  Reason Code: 0x0  Shutdown Type: power off  Comment:","Reason: , Comment: ","100434"
"2025/11/02 14:52:56","42","System","System entering sleep","Information","N/A","N/A","The system is entering sleep.  Sleep Reason: Application API","","100462"
"2025/11/02 22:24:21","1074","System","System shutdown/restart initiated","Information","N/A","N/A","The process Explorer.EXE has initiated the power off of computer AIGENT-4090 on behalf of user aigent-4090\piete for the following reason: Other (Unplanned)  Reason Code: 0x0  Shutdown Type: power off  Comment:","Reason: , Comment: ","100574"
"2025/11/02 22:24:24","42","System","System entering sleep","Information","N/A","N/A","The system is entering sleep.  Sleep Reason: Application API","","100601"
"2025/11/03 20:25:49","6013","System","System uptime report","Information","N/A","N/A","The system uptime is 204701 seconds.","","100602"
"2025/11/03 22:50:41","1074","System","System shutdown/restart initiated","Information","N/A","N/A","The process Explorer.EXE has initiated the power off of computer AIGENT-4090 on behalf of user aigent-4090\piete for the following reason: Other (Unplanned)  Reason Code: 0x0  Shutdown Type: power off  Comment:","Reason: , Comment: ","100711"
"2025/11/03 22:50:44","42","System","System entering sleep","Information","N/A","N/A","The system is entering sleep.  Sleep Reason: Application API","","100742"
"2025/11/04 08:02:43","1074","System","System shutdown/restart initiated","Information","N/A","N/A","The process Explorer.EXE has initiated the power off of computer AIGENT-4090 on behalf of user aigent-4090\piete for the following reason: Other (Unplanned)  Reason Code: 0x0  Shutdown Type: power off  Comment:","Reason: , Comment: ","100858"
"2025/11/04 08:02:47","42","System","System entering sleep","Information","N/A","N/A","The system is entering sleep.  Sleep Reason: Application API","","100889"
"2025/11/04 17:03:58","6013","System","System uptime report","Information","N/A","N/A","The system uptime is 278991 seconds.","","100891"
"2025/11/04 21:29:13","1074","System","System shutdown/restart initiated","Information","N/A","N/A","The process Explorer.EXE has initiated the power off of computer AIGENT-4090 on behalf of user aigent-4090\piete for the following reason: Other (Unplanned)  Reason Code: 0x0  Shutdown Type: power off  Comment:","Reason: , Comment: ","101053"
"2025/11/04 21:29:17","42","System","System entering sleep","Information","N/A","N/A","The system is entering sleep.  Sleep Reason: Application API","","101082"
"2025/11/05 12:00:00","6013","System","System uptime report","Information","N/A","N/A","The system uptime is 347155 seconds.","","101276"
"2025/11/05 13:38:34","42","System","System entering sleep","Information","N/A","N/A","The system is entering sleep.  Sleep Reason: Application API","","101329"
"2025/11/05 15:25:55","1074","System","System shutdown/restart initiated","Information","N/A","N/A","The process Explorer.EXE has initiated the power off of computer AIGENT-4090 on behalf of user aigent-4090\piete for the following reason: Other (Unplanned)  Reason Code: 0x0  Shutdown Type: power off  Comment:","Reason: , Comment: ","101426"
"2025/11/05 15:25:58","42","System","System entering sleep","Information","N/A","N/A","The system is entering sleep.  Sleep Reason: Application API","","101453"
"2025/11/05 23:00:49","1074","System","System shutdown/restart initiated","Information","N/A","N/A","The process Explorer.EXE has initiated the power off of computer AIGENT-4090 on behalf of user aigent-4090\piete for the following reason: Other (Unplanned)  Reason Code: 0x0  Shutdown Type: power off  Comment:","Reason: , Comment: ","101590"
"2025/11/05 23:00:52","42","System","System entering sleep","Information","N/A","N/A","The system is entering sleep.  Sleep Reason: Application API","","101621"
"2025/11/06 08:24:04","1074","System","System shutdown/restart initiated","Information","N/A","N/A","The process Explorer.EXE has initiated the power off of computer AIGENT-4090 on behalf of user aigent-4090\piete for the following reason: Other (Unplanned)  Reason Code: 0x0  Shutdown Type: power off  Comment:","Reason: , Comment: ","101731"
"2025/11/06 08:24:08","42","System","System entering sleep","Information","N/A","N/A","The system is entering sleep.  Sleep Reason: Application API","","101761"
"2025/11/06 12:00:00","6013","System","System uptime report","Information","N/A","N/A","The system uptime is 433556 seconds.","","101864"
"2025/11/06 16:04:49","41","System","System rebooted without cleanly shutting down","Critical","N/A","N/A","The system has rebooted without cleanly shutting down first. This error could be caused if the system stopped responding, crashed, or lost power unexpectedly.","","101914"
"2025/11/06 16:04:59","6008","System","Unexpected shutdown (previous shutdown was unexpected)","Error","N/A","N/A","The previous system shutdown at 2:13:02 PM on ‎11/‎6/‎2025 was unexpected.","","101881"
"2025/11/06 16:04:59","6005","System","System startup (Event Log service started)","Information","N/A","N/A","The Event log service was started.","","101883"
"2025/11/06 16:04:59","6013","System","System uptime report","Information","N/A","N/A","The system uptime is 11 seconds.","","101884"
"2025/11/06 19:31:26","41","System","System rebooted without cleanly shutting down","Critical","N/A","N/A","The system has rebooted without cleanly shutting down first. This error could be caused if the system stopped responding, crashed, or lost power unexpectedly.","","102195"
"2025/11/06 19:31:37","6013","System","System uptime report","Information","N/A","N/A","The system uptime is 16 seconds.","","102173"
"2025/11/06 19:31:37","6005","System","System startup (Event Log service started)","Information","N/A","N/A","The Event log service was started.","","102172"
"2025/11/06 19:31:37","6008","System","Unexpected shutdown (previous shutdown was unexpected)","Error","N/A","N/A","The previous system shutdown at 6:04:59 PM on ‎11/‎6/‎2025 was unexpected.","","102170"
"2025/11/06 21:12:34","41","System","System rebooted without cleanly shutting down","Critical","N/A","N/A","The system has rebooted without cleanly shutting down first. This error could be caused if the system stopped responding, crashed, or lost power unexpectedly.","","102546"
"2025/11/06 21:12:44","6005","System","System startup (Event Log service started)","Information","N/A","N/A","The Event log service was started.","","102529"
"2025/11/06 21:12:44","6008","System","Unexpected shutdown (previous shutdown was unexpected)","Error","N/A","N/A","The previous system shutdown at 8:51:37 PM on ‎11/‎6/‎2025 was unexpected.","","102519"
"2025/11/06 21:12:44","6013","System","System uptime report","Information","N/A","N/A","The system uptime is 11 seconds.","","102530"
"2025/11/06 23:01:16","1074","System","System shutdown/restart initiated","Information","N/A","N/A","The process Explorer.EXE has initiated the power off of computer AIGENT-4090 on behalf of user aigent-4090\piete for the following reason: Other (Unplanned)  Reason Code: 0x0  Shutdown Type: power off  Comment:","Reason: , Comment: ","102793"
"2025/11/06 23:01:17","1074","System","System shutdown/restart initiated","Information","N/A","N/A","The process C:\WINDOWS\system32\winlogon.exe (AIGENT-4090) has initiated the power off of computer AIGENT-4090 on behalf of user NT AUTHORITY\SYSTEM for the following reason: No title for this reason could be found  Reason Code: 0x500ff  Shutdown Type: power off  Comment:","Reason: , Comment: ","102816"
"2025/11/06 23:01:19","42","System","System entering sleep","Information","N/A","N/A","The system is entering sleep.  Sleep Reason: Application API","","102822"
"2025/11/07 12:00:00","6013","System","System uptime report","Information","N/A","N/A","The system uptime is 53250 seconds.","","102996"
"2025/11/07 23:14:05","1074","System","System shutdown/restart initiated","Information","N/A","N/A","The process Explorer.EXE has initiated the power off of computer AIGENT-4090 on behalf of user aigent-4090\piete for the following reason: Other (Unplanned)  Reason Code: 0x0  Shutdown Type: power off  Comment:","Reason: , Comment: ","103029"
"2025/11/07 23:14:09","42","System","System entering sleep","Information","N/A","N/A","The system is entering sleep.  Sleep Reason: Application API","","103061"
"2025/11/08 12:00:00","6013","System","System uptime report","Information","N/A","N/A","The system uptime is 139652 seconds.","","103206"
"2025/11/09 02:31:34","1074","System","System shutdown/restart initiated","Information","N/A","N/A","The process Explorer.EXE has initiated the power off of computer AIGENT-4090 on behalf of user aigent-4090\piete for the following reason: Other (Unplanned)  Reason Code: 0x0  Shutdown Type: power off  Comment:","Reason: , Comment: ","103235"
"2025/11/09 02:31:38","42","System","System entering sleep","Information","N/A","N/A","The system is entering sleep.  Sleep Reason: Application API","","103267"
"2025/11/09 12:00:00","6013","System","System uptime report","Information","N/A","N/A","The system uptime is 226053 seconds.","","103384"
"2025/11/09 16:07:45","1074","System","System shutdown/restart initiated","Information","N/A","N/A","The process Explorer.EXE has initiated the power off of computer AIGENT-4090 on behalf of user aigent-4090\piete for the following reason: Other (Unplanned)  Reason Code: 0x0  Shutdown Type: power off  Comment:","Reason: , Comment: ","103419"
"2025/11/09 16:07:49","42","System","System entering sleep","Information","N/A","N/A","The system is entering sleep.  Sleep Reason: Application API","","103448"
"2025/11/10 08:29:34","1074","System","System shutdown/restart initiated","Information","N/A","N/A","The process Explorer.EXE has initiated the power off of computer AIGENT-4090 on behalf of user aigent-4090\piete for the following reason: Other (Unplanned)  Reason Code: 0x0  Shutdown Type: power off  Comment:","Reason: , Comment: ","103603"
"2025/11/10 08:29:37","42","System","System entering sleep","Information","N/A","N/A","The system is entering sleep.  Sleep Reason: Application API","","103634"
"2025/11/10 12:00:00","6013","System","System uptime report","Information","N/A","N/A","The system uptime is 312453 seconds.","","103775"
"2025/11/11 00:22:57","1074","System","System shutdown/restart initiated","Information","N/A","N/A","The process Explorer.EXE has initiated the power off of computer AIGENT-4090 on behalf of user aigent-4090\piete for the following reason: Other (Unplanned)  Reason Code: 0x0  Shutdown Type: power off  Comment:","Reason: , Comment: ","103876"
"2025/11/11 00:23:08","42","System","System entering sleep","Information","N/A","N/A","The system is entering sleep.  Sleep Reason: Application API","","103907"
"2025/11/11 08:05:00","1074","System","System shutdown/restart initiated","Information","N/A","N/A","The process Explorer.EXE has initiated the power off of computer AIGENT-4090 on behalf of user aigent-4090\piete for the following reason: Other (Unplanned)  Reason Code: 0x0  Shutdown Type: power off  Comment:","Reason: , Comment: ","104018"
"2025/11/11 08:05:07","42","System","System entering sleep","Information","N/A","N/A","The system is entering sleep.  Sleep Reason: Application API","","104047"
"2025/11/11 17:36:07","6013","System","System uptime report","Information","N/A","N/A","The system uptime is 419022 seconds.","","104048"
"2025/11/11 22:33:44","1074","System","System shutdown/restart initiated","Information","N/A","N/A","The process Explorer.EXE has initiated the power off of computer AIGENT-4090 on behalf of user aigent-4090\piete for the following reason: Other (Unplanned)  Reason Code: 0x0  Shutdown Type: power off  Comment:","Reason: , Comment: ","104153"
"2025/11/11 22:33:48","42","System","System entering sleep","Information","N/A","N/A","The system is entering sleep.  Sleep Reason: Application API","","104177"
"2025/11/12 08:40:01","6006","System","System shutdown (Event Log service stopped)","Information","N/A","N/A","The Event log service was stopped.","","104356"
"2025/11/12 08:40:32","6013","System","System uptime report","Information","N/A","N/A","The system uptime is 11 seconds.","","104369"
"2025/11/12 08:40:32","6005","System","System startup (Event Log service started)","Information","N/A","N/A","The Event log service was started.","","104368"
"2025/11/12 08:40:53","1074","System","System shutdown/restart initiated","Information","N/A","N/A","The process C:\WINDOWS\servicing\TrustedInstaller.exe (AIGENT-4090) has initiated the restart of computer AIGENT-4090 on behalf of user NT AUTHORITY\SYSTEM for the following reason: Operating System: Upgrade (Planned)  Reason Code: 0x80020003  Shutdown Type: restart  Comment:","Reason: , Comment: ","104543"
"2025/11/12 08:40:54","6006","System","System shutdown (Event Log service stopped)","Information","N/A","N/A","The Event log service was stopped.","","104542"
"2025/11/12 08:41:22","6013","System","System uptime report","Information","N/A","N/A","The system uptime is 11 seconds.","","104553"
"2025/11/12 08:41:22","6005","System","System startup (Event Log service started)","Information","N/A","N/A","The Event log service was started.","","104552"
"2025/11/12 20:00:37","41","System","System rebooted without cleanly shutting down","Critical","N/A","N/A","The system has rebooted without cleanly shutting down first. This error could be caused if the system stopped responding, crashed, or lost power unexpectedly.","","104734"
"2025/11/12 20:00:47","6013","System","System uptime report","Information","N/A","N/A","The system uptime is 11 seconds.","","104720"
"2025/11/12 20:00:47","6005","System","System startup (Event Log service started)","Information","N/A","N/A","The Event log service was started.","","104719"
"2025/11/12 20:00:47","6008","System","Unexpected shutdown (previous shutdown was unexpected)","Error","N/A","N/A","The previous system shutdown at 8:41:22 AM on ‎11/‎12/‎2025 was unexpected.","","104717"
"2025/11/12 22:46:49","1074","System","System shutdown/restart initiated","Information","N/A","N/A","The process Explorer.EXE has initiated the power off of computer AIGENT-4090 on behalf of user aigent-4090\piete for the following reason: Other (Unplanned)  Reason Code: 0x0  Shutdown Type: power off  Comment:","Reason: , Comment: ","105002"
"2025/11/12 22:46:51","1074","System","System shutdown/restart initiated","Information","N/A","N/A","The process C:\WINDOWS\system32\winlogon.exe (AIGENT-4090) has initiated the power off of computer AIGENT-4090 on behalf of user NT AUTHORITY\SYSTEM for the following reason: No title for this reason could be found  Reason Code: 0x500ff  Shutdown Type: power off  Comment:","Reason: , Comment: ","105023"
"2025/11/12 22:46:53","42","System","System entering sleep","Information","N/A","N/A","The system is entering sleep.  Sleep Reason: Application API","","105027"
"2025/11/13 08:31:52","1074","System","System shutdown/restart initiated","Information","N/A","N/A","The process Explorer.EXE has initiated the power off of computer AIGENT-4090 on behalf of user aigent-4090\piete for the following reason: Other (Unplanned)  Reason Code: 0x0  Shutdown Type: power off  Comment:","Reason: , Comment: ","105098"
"2025/11/13 08:31:55","42","System","System entering sleep","Information","N/A","N/A","The system is entering sleep.  Sleep Reason: Application API","","105122"
"2025/11/13 20:11:17","6013","System","System uptime report","Information","N/A","N/A","The system uptime is 87041 seconds.","","105125"
"2025/11/13 22:36:26","1074","System","System shutdown/restart initiated","Information","N/A","N/A","The process Explorer.EXE has initiated the power off of computer AIGENT-4090 on behalf of user aigent-4090\piete for the following reason: Other (Unplanned)  Reason Code: 0x0  Shutdown Type: power off  Comment:","Reason: , Comment: ","105208"
"2025/11/13 22:36:30","42","System","System entering sleep","Information","N/A","N/A","The system is entering sleep.  Sleep Reason: Application API","","105232"
"2025/11/14 11:59:59","6013","System","System uptime report","Information","N/A","N/A","The system uptime is 143967 seconds.","","105443"
"2025/11/14 12:00:00","6013","System","System uptime report","Information","N/A","N/A","The system uptime is 143968 seconds.","","105444"
"2025/11/14 23:50:27","1074","System","System shutdown/restart initiated","Information","N/A","N/A","The process Explorer.EXE has initiated the power off of computer AIGENT-4090 on behalf of user aigent-4090\piete for the following reason: Other (Unplanned)  Reason Code: 0x0  Shutdown Type: power off  Comment:","Reason: , Comment: ","105517"
"2025/11/14 23:50:30","42","System","System entering sleep","Information","N/A","N/A","The system is entering sleep.  Sleep Reason: Application API","","105544"
"2025/11/15 11:02:41","1074","System","System shutdown/restart initiated","Information","N/A","N/A","The process Explorer.EXE has initiated the power off of computer AIGENT-4090 on behalf of user aigent-4090\piete for the following reason: Other (Unplanned)  Reason Code: 0x0  Shutdown Type: power off  Comment:","Reason: , Comment: ","105672"
"2025/11/15 11:02:45","42","System","System entering sleep","Information","N/A","N/A","The system is entering sleep.  Sleep Reason: Application API","","105697"
"2025/11/15 12:00:00","6013","System","System uptime report","Information","N/A","N/A","The system uptime is 230368 seconds.","","105828"
"2025/11/16 00:35:03","1074","System","System shutdown/restart initiated","Information","N/A","N/A","The process Explorer.EXE has initiated the power off of computer AIGENT-4090 on behalf of user aigent-4090\piete for the following reason: Other (Unplanned)  Reason Code: 0x0  Shutdown Type: power off  Comment:","Reason: , Comment: ","105886"
"2025/11/16 00:35:06","42","System","System entering sleep","Information","N/A","N/A","The system is entering sleep.  Sleep Reason: Application API","","105912"
"2025/11/16 12:00:00","6013","System","System uptime report","Information","N/A","N/A","The system uptime is 316769 seconds.","","105937"
"2025/11/16 22:49:13","1074","System","System shutdown/restart initiated","Information","N/A","N/A","The process Explorer.EXE has initiated the power off of computer AIGENT-4090 on behalf of user aigent-4090\piete for the following reason: Other (Unplanned)  Reason Code: 0x0  Shutdown Type: power off  Comment:","Reason: , Comment: ","106065"
"2025/11/16 22:49:17","42","System","System entering sleep","Information","N/A","N/A","The system is entering sleep.  Sleep Reason: Application API","","106091"
"2025/11/17 17:42:44","6013","System","System uptime report","Information","N/A","N/A","The system uptime is 423733 seconds.","","106092"
"2025/11/17 23:51:11","42","System","System entering sleep","Information","N/A","N/A","The system is entering sleep.  Sleep Reason: Application API","","106279"
"2025/11/18 08:46:42","1074","System","System shutdown/restart initiated","Information","N/A","N/A","The process Explorer.EXE has initiated the power off of computer AIGENT-4090 on behalf of user aigent-4090\piete for the following reason: Other (Unplanned)  Reason Code: 0x0  Shutdown Type: power off  Comment:","Reason: , Comment: ","106454"
"2025/11/18 08:46:45","42","System","System entering sleep","Information","N/A","N/A","The system is entering sleep.  Sleep Reason: Application API","","106479"
"2025/11/18 12:00:00","6013","System","System uptime report","Information","N/A","N/A","The system uptime is 489570 seconds.","","106576"
"2025/11/18 20:43:48","1074","System","System shutdown/restart initiated","Information","N/A","N/A","The process Explorer.EXE has initiated the power off of computer AIGENT-4090 on behalf of user aigent-4090\piete for the following reason: Other (Unplanned)  Reason Code: 0x0  Shutdown Type: power off  Comment:","Reason: , Comment: ","106636"
"2025/11/18 20:53:17","1074","System","System shutdown/restart initiated","Information","N/A","N/A","The process Explorer.EXE has initiated the power off of computer AIGENT-4090 on behalf of user aigent-4090\piete for the following reason: Other (Unplanned)  Reason Code: 0x0  Shutdown Type: power off  Comment:","Reason: , Comment: ","106675"
"2025/11/18 20:53:19","42","System","System entering sleep","Information","N/A","N/A","The system is entering sleep.  Sleep Reason: Application API","","106679"
"2025/11/18 23:28:45","1074","System","System shutdown/restart initiated","Information","N/A","N/A","The process Explorer.EXE has initiated the power off of computer AIGENT-4090 on behalf of user aigent-4090\piete for the following reason: Other (Unplanned)  Reason Code: 0x0  Shutdown Type: power off  Comment:","Reason: , Comment: ","106799"
"2025/11/18 23:28:48","42","System","System entering sleep","Information","N/A","N/A","The system is entering sleep.  Sleep Reason: Application API","","106822"
"2025/11/19 08:44:04","42","System","System entering sleep","Information","N/A","N/A","The system is entering sleep.  Sleep Reason: Application API","","106945"
"2025/11/19 20:00:48","6013","System","System uptime report","Information","N/A","N/A","The system uptime is 604820 seconds.","","106948"
"2025/11/19 22:56:24","1074","System","System shutdown/restart initiated","Information","N/A","N/A","The process Explorer.EXE has initiated the power off of computer AIGENT-4090 on behalf of user aigent-4090\piete for the following reason: Other (Unplanned)  Reason Code: 0x0  Shutdown Type: power off  Comment:","Reason: , Comment: ","107071"
"2025/11/19 22:56:28","42","System","System entering sleep","Information","N/A","N/A","The system is entering sleep.  Sleep Reason: Application API","","107097"
"2025/11/20 17:23:57","6013","System","System uptime report","Information","N/A","N/A","The system uptime is 681808 seconds.","","107098"
"2025/11/20 22:34:22","1074","System","System shutdown/restart initiated","Information","N/A","N/A","The process Explorer.EXE has initiated the power off of computer AIGENT-4090 on behalf of user aigent-4090\piete for the following reason: Other (Unplanned)  Reason Code: 0x0  Shutdown Type: power off  Comment:","Reason: , Comment: ","107285"
"2025/11/20 22:34:32","42","System","System entering sleep","Information","N/A","N/A","The system is entering sleep.  Sleep Reason: Application API","","107311"
"2025/11/21 08:30:09","1074","System","System shutdown/restart initiated","Information","N/A","N/A","The process Explorer.EXE has initiated the power off of computer AIGENT-4090 on behalf of user aigent-4090\piete for the following reason: Other (Unplanned)  Reason Code: 0x0  Shutdown Type: power off  Comment:","Reason: , Comment: ","107450"
"2025/11/21 08:30:12","42","System","System entering sleep","Information","N/A","N/A","The system is entering sleep.  Sleep Reason: Application API","","107473"
"2025/11/21 09:51:08","1074","System","System shutdown/restart initiated","Information","N/A","N/A","The process Explorer.EXE has initiated the power off of computer AIGENT-4090 on behalf of user aigent-4090\piete for the following reason: Other (Unplanned)  Reason Code: 0x0  Shutdown Type: power off  Comment:","Reason: , Comment: ","107584"
"2025/11/21 09:51:13","42","System","System entering sleep","Information","N/A","N/A","The system is entering sleep.  Sleep Reason: Application API","","107607"
"2025/11/21 12:00:00","6013","System","System uptime report","Information","N/A","N/A","The system uptime is 748775 seconds.","","107702"
"2025/11/21 16:29:10","41","System","System rebooted without cleanly shutting down","Critical","N/A","N/A","The system has rebooted without cleanly shutting down first. This error could be caused if the system stopped responding, crashed, or lost power unexpectedly.","","107775"
"2025/11/21 16:29:20","6013","System","System uptime report","Information","N/A","N/A","The system uptime is 12 seconds.","","107759"
"2025/11/21 16:29:20","6008","System","Unexpected shutdown (previous shutdown was unexpected)","Error","N/A","N/A","The previous system shutdown at 1:01:13 PM on ‎11/‎21/‎2025 was unexpected.","","107756"
"2025/11/21 16:29:20","6005","System","System startup (Event Log service started)","Information","N/A","N/A","The Event log service was started.","","107758"
"2025/11/22 11:49:37","41","System","System rebooted without cleanly shutting down","Critical","N/A","N/A","The system has rebooted without cleanly shutting down first. This error could be caused if the system stopped responding, crashed, or lost power unexpectedly.","","108093"
"2025/11/22 11:49:47","6005","System","System startup (Event Log service started)","Information","N/A","N/A","The Event log service was started.","","108078"
"2025/11/22 11:49:47","6013","System","System uptime report","Information","N/A","N/A","The system uptime is 11 seconds.","","108079"
"2025/11/22 11:49:47","6008","System","Unexpected shutdown (previous shutdown was unexpected)","Error","N/A","N/A","The previous system shutdown at 1:49:20 AM on ‎11/‎22/‎2025 was unexpected.","","108076"
"2025/11/22 12:00:00","6013","System","System uptime report","Information","N/A","N/A","The system uptime is 624 seconds.","","108345"
"2025/11/22 15:05:04","1074","System","System shutdown/restart initiated","Information","N/A","N/A","The process Explorer.EXE has initiated the power off of computer AIGENT-4090 on behalf of user aigent-4090\piete for the following reason: Other (Unplanned)  Reason Code: 0x0  Shutdown Type: power off  Comment:","Reason: , Comment: ","108370"
"2025/11/22 15:05:06","1074","System","System shutdown/restart initiated","Information","N/A","N/A","The process C:\WINDOWS\system32\winlogon.exe (AIGENT-4090) has initiated the power off of computer AIGENT-4090 on behalf of user NT AUTHORITY\SYSTEM for the following reason: No title for this reason could be found  Reason Code: 0x500ff  Shutdown Type: power off  Comment:","Reason: , Comment: ","108390"
"2025/11/22 15:05:07","42","System","System entering sleep","Information","N/A","N/A","The system is entering sleep.  Sleep Reason: Application API","","108394"
"2025/11/22 23:50:07","1074","System","System shutdown/restart initiated","Information","N/A","N/A","The process Explorer.EXE has initiated the power off of computer AIGENT-4090 on behalf of user aigent-4090\piete for the following reason: Other (Unplanned)  Reason Code: 0x0  Shutdown Type: power off  Comment:","Reason: , Comment: ","108523"
"2025/11/22 23:50:11","42","System","System entering sleep","Information","N/A","N/A","The system is entering sleep.  Sleep Reason: Application API","","108546"
"2025/11/23 11:59:59","6013","System","System uptime report","Information","N/A","N/A","The system uptime is 87025 seconds.","","108658"
"2025/11/23 12:00:00","6013","System","System uptime report","Information","N/A","N/A","The system uptime is 87026 seconds.","","108659"
"2025/11/23 22:46:44","1074","System","System shutdown/restart initiated","Information","N/A","N/A","The process Explorer.EXE has initiated the power off of computer AIGENT-4090 on behalf of user aigent-4090\piete for the following reason: Other (Unplanned)  Reason Code: 0x0  Shutdown Type: power off  Comment:","Reason: , Comment: ","108750"
"2025/11/23 22:46:48","42","System","System entering sleep","Information","N/A","N/A","The system is entering sleep.  Sleep Reason: Application API","","108775"
"2025/11/24 19:16:17","6013","System","System uptime report","Information","N/A","N/A","The system uptime is 199602 seconds.","","108776"
"2025/11/24 22:38:46","1074","System","System shutdown/restart initiated","Information","N/A","N/A","The process Explorer.EXE has initiated the power off of computer AIGENT-4090 on behalf of user aigent-4090\piete for the following reason: Other (Unplanned)  Reason Code: 0x0  Shutdown Type: power off  Comment:","Reason: , Comment: ","108927"
"2025/11/25 06:44:28","41","System","System rebooted without cleanly shutting down","Critical","N/A","N/A","The system has rebooted without cleanly shutting down first. This error could be caused if the system stopped responding, crashed, or lost power unexpectedly.","","108981"
"2025/11/25 06:44:37","6008","System","Unexpected shutdown (previous shutdown was unexpected)","Error","N/A","N/A","The previous system shutdown at 10:20:53 PM on ‎11/‎24/‎2025 was unexpected.","","108964"
"2025/11/25 06:44:37","6013","System","System uptime report","Information","N/A","N/A","The system uptime is 11 seconds.","","108970"
"2025/11/25 06:44:37","6005","System","System startup (Event Log service started)","Information","N/A","N/A","The Event log service was started.","","108966"
"2025/11/25 20:09:22","41","System","System rebooted without cleanly shutting down","Critical","N/A","N/A","The system has rebooted without cleanly shutting down first. This error could be caused if the system stopped responding, crashed, or lost power unexpectedly.","","109255"
"2025/11/25 20:09:31","6005","System","System startup (Event Log service started)","Information","N/A","N/A","The Event log service was started.","","109240"
"2025/11/25 20:09:31","6013","System","System uptime report","Information","N/A","N/A","The system uptime is 10 seconds.","","109241"
"2025/11/25 20:09:31","6008","System","Unexpected shutdown (previous shutdown was unexpected)","Error","N/A","N/A","The previous system shutdown at 8:04:37 AM on ‎11/‎25/‎2025 was unexpected.","","109238"
"2025/11/26 19:27:06","41","System","System rebooted without cleanly shutting down","Critical","N/A","N/A","The system has rebooted without cleanly shutting down first. This error could be caused if the system stopped responding, crashed, or lost power unexpectedly.","","109542"
"2025/11/26 19:27:15","6013","System","System uptime report","Information","N/A","N/A","The system uptime is 11 seconds.","","109528"
"2025/11/26 19:27:15","6008","System","Unexpected shutdown (previous shutdown was unexpected)","Error","N/A","N/A","The previous system shutdown at 9:29:31 PM on ‎11/‎25/‎2025 was unexpected.","","109525"
"2025/11/26 19:27:15","6005","System","System startup (Event Log service started)","Information","N/A","N/A","The Event log service was started.","","109527"
"2025/11/27 17:29:16","41","System","System rebooted without cleanly shutting down","Critical","N/A","N/A","The system has rebooted without cleanly shutting down first. This error could be caused if the system stopped responding, crashed, or lost power unexpectedly.","","109837"
"2025/11/27 17:29:25","6013","System","System uptime report","Information","N/A","N/A","The system uptime is 10 seconds.","","109823"
"2025/11/27 17:29:25","6005","System","System startup (Event Log service started)","Information","N/A","N/A","The Event log service was started.","","109822"
"2025/11/27 17:29:25","6008","System","Unexpected shutdown (previous shutdown was unexpected)","Error","N/A","N/A","The previous system shutdown at 8:47:15 PM on ‎11/‎26/‎2025 was unexpected.","","109820"
"2025/11/28 06:51:56","41","System","System rebooted without cleanly shutting down","Critical","N/A","N/A","The system has rebooted without cleanly shutting down first. This error could be caused if the system stopped responding, crashed, or lost power unexpectedly.","","110208"
"2025/11/28 06:52:06","6013","System","System uptime report","Information","N/A","N/A","The system uptime is 11 seconds.","","110194"
"2025/11/28 06:52:06","6005","System","System startup (Event Log service started)","Information","N/A","N/A","The Event log service was started.","","110193"
"2025/11/28 06:52:06","6008","System","Unexpected shutdown (previous shutdown was unexpected)","Error","N/A","N/A","The previous system shutdown at 10:49:25 PM on ‎11/‎27/‎2025 was unexpected.","","110191"
"2025/11/28 12:00:00","6013","System","System uptime report","Information","N/A","N/A","The system uptime is 18485 seconds.","","110464"
