"Activity","Sub-Activity","Repo","Rationale"
"AI Framework Ontwikkeling","","pkuppens/WBSO-AICM-2025-01","Core WBSO project - Direct project repository with framework development"
"AI Framework Ontwikkeling","","pkuppens/gemini_agent","Related - Agent development techniques and LLM integration relevant to WBSO AI agent framework"
"AI Framework Ontwikkeling","","pkuppens/healthcare-aigent","Highly relevant - Healthcare domain requires same privacy/security concerns as WBSO project, good reference implementation"
"AI Framework Ontwikkeling","","pkuppens/job_hunt","Related - AI agent automation patterns applicable to WBSO agent development"
"AI Framework Ontwikkeling","","pkuppens/langflow_org","Highly relevant - AI agent organization and coordination directly supports WBSO agent framework development"
"AI Framework Ontwikkeling","","pkuppens/my_chat_gpt","Related - LLM interaction patterns and prompt engineering relevant to WBSO LLM integration"
"AI Framework Ontwikkeling","AI Agent Orkestratie","pkuppens/WBSO-AICM-2025-01","Core WBSO project - Direct project repository with framework development"
"AI Framework Ontwikkeling","AI Agent Orkestratie","pkuppens/gemini_agent","Related - Agent development techniques and LLM integration relevant to WBSO AI agent framework"
"AI Framework Ontwikkeling","AI Agent Orkestratie","pkuppens/healthcare-aigent","Highly relevant - Healthcare domain requires same privacy/security concerns as WBSO project, good reference implementation"
"AI Framework Ontwikkeling","AI Agent Orkestratie","pkuppens/job_hunt","Related - AI agent automation patterns applicable to WBSO agent development"
"AI Framework Ontwikkeling","AI Agent Orkestratie","pkuppens/langflow_org","Highly relevant - AI agent organization and coordination directly supports WBSO agent framework development"
"AI Framework Ontwikkeling","LLM Integratie en Model Selectie","pkuppens/gemini_agent","Related - Agent development techniques and LLM integration relevant to WBSO AI agent framework"
"AI Framework Ontwikkeling","LLM Integratie en Model Selectie","pkuppens/my_chat_gpt","Related - LLM interaction patterns and prompt engineering relevant to WBSO LLM integration"
"AI Framework Ontwikkeling","LLM Integratie en Model Selectie","pkuppens/on_prem_rag","Core WBSO project - Direct implementation of privacy-aware RAG system with local data processing"
"AI Framework Ontwikkeling","Prompt Engineering en Jailbreak Detectie","pkuppens/my_chat_gpt","Related - LLM interaction patterns and prompt engineering relevant to WBSO LLM integration"
"API Ontwikkeling en Integratie","","pkuppens/gemini_agent","Related - Agent development techniques and LLM integration relevant to WBSO AI agent framework"
"API Ontwikkeling en Integratie","","pkuppens/genai-hackathon","Related - GenAI development experience and rapid prototyping relevant to WBSO development"
"API Ontwikkeling en Integratie","","pkuppens/my_chat_gpt","Related - LLM interaction patterns and prompt engineering relevant to WBSO LLM integration"
"API Ontwikkeling en Integratie","Backend API Ontwikkeling (FastAPI)","pkuppens/genai-hackathon","Related - GenAI development experience and rapid prototyping relevant to WBSO development"
"API Ontwikkeling en Integratie","Frontend Integratie (React)","pkuppens/gemini_agent","Related - Agent development techniques and LLM integration relevant to WBSO AI agent framework"
"API Ontwikkeling en Integratie","Frontend Integratie (React)","pkuppens/genai-hackathon","Related - GenAI development experience and rapid prototyping relevant to WBSO development"
"API Ontwikkeling en Integratie","Frontend Integratie (React)","pkuppens/my_chat_gpt","Related - LLM interaction patterns and prompt engineering relevant to WBSO LLM integration"
"Architectuur Ontwerp en Planning","","pkuppens/job_hunt","Related - AI agent automation patterns applicable to WBSO agent development"
"Architectuur Ontwerp en Planning","","pkuppens/my_chat_gpt","Related - LLM interaction patterns and prompt engineering relevant to WBSO LLM integration"
"Architectuur Ontwerp en Planning","Systeemarchitectuur Ontwerp","pkuppens/job_hunt","Related - AI agent automation patterns applicable to WBSO agent development"
"Architectuur Ontwerp en Planning","Systeemarchitectuur Ontwerp","pkuppens/my_chat_gpt","Related - LLM interaction patterns and prompt engineering relevant to WBSO LLM integration"
"Audit Logging Systeem Ontwikkeling","","pkuppens/healthcare-aigent","Highly relevant - Healthcare domain requires same privacy/security concerns as WBSO project, good reference implementation"
"Audit Logging Systeem Ontwikkeling","Privacyvriendelijke Audit Log Structuur","pkuppens/healthcare-aigent","Highly relevant - Healthcare domain requires same privacy/security concerns as WBSO project, good reference implementation"
"Autorisatie Framework Ontwikkeling","","pkuppens/context_engineering","Highly relevant - Context-aware processing essential for WBSO role-based access control and intent recognition"
"Autorisatie Framework Ontwikkeling","Context-gebaseerde Toegangscontrole","pkuppens/context_engineering","Highly relevant - Context-aware processing essential for WBSO role-based access control and intent recognition"
"Autorisatie Framework Ontwikkeling","Rolgebaseerde Toegangscontrole","pkuppens/context_engineering","Highly relevant - Context-aware processing essential for WBSO role-based access control and intent recognition"
"Beveiligingsmechanismen Ontwikkeling","","pkuppens/healthcare-aigent","Highly relevant - Healthcare domain requires same privacy/security concerns as WBSO project, good reference implementation"
"Beveiligingsmechanismen Ontwikkeling","Encryptie en Beveiligingsmechanismen","pkuppens/healthcare-aigent","Highly relevant - Healthcare domain requires same privacy/security concerns as WBSO project, good reference implementation"
"Data Bescherming Ontwikkeling","","pkuppens/healthcare-aigent","Highly relevant - Healthcare domain requires same privacy/security concerns as WBSO project, good reference implementation"
"Data Bescherming Ontwikkeling","","pkuppens/motivatie-brieven-ai","Highly relevant - Handles confidential CV/resume data with RAG techniques for job matching, directly applicable to WBSO privacy-aware data processing"
"Data Bescherming Ontwikkeling","","pkuppens/on_prem_rag","Core WBSO project - Direct implementation of privacy-aware RAG system with local data processing"
"Data Bescherming Ontwikkeling","AVG Compliance en Toestemmingsverificatie","pkuppens/healthcare-aigent","Highly relevant - Healthcare domain requires same privacy/security concerns as WBSO project, good reference implementation"
"Data Bescherming Ontwikkeling","AVG Compliance en Toestemmingsverificatie","pkuppens/motivatie-brieven-ai","Highly relevant - Handles confidential CV/resume data with RAG techniques for job matching, directly applicable to WBSO privacy-aware data processing"
"Data Bescherming Ontwikkeling","AVG Compliance en Toestemmingsverificatie","pkuppens/on_prem_rag","Core WBSO project - Direct implementation of privacy-aware RAG system with local data processing"
"Monitoring Oplossingen Ontwikkeling","","pkuppens/healthcare-aigent","Highly relevant - Healthcare domain requires same privacy/security concerns as WBSO project, good reference implementation"
"Natural Language Processing Implementatie","","pkuppens/context_engineering","Highly relevant - Context-aware processing essential for WBSO role-based access control and intent recognition"
"Natural Language Processing Implementatie","Intentieherkenning en Semantische Interpretatie","pkuppens/context_engineering","Highly relevant - Context-aware processing essential for WBSO role-based access control and intent recognition"
"Natural Language Processing Implementatie","Tekstverwerking en Tokenisatie","pkuppens/context_engineering","Highly relevant - Context-aware processing essential for WBSO role-based access control and intent recognition"
"Performance Optimalisatie","","pkuppens/job_hunt","Related - AI agent automation patterns applicable to WBSO agent development"
"Privacy-bewuste Cloud Integratie","","pkuppens/healthcare-aigent","Highly relevant - Healthcare domain requires same privacy/security concerns as WBSO project, good reference implementation"
"Privacy-bewuste Cloud Integratie","","pkuppens/motivatie-brieven-ai","Highly relevant - Handles confidential CV/resume data with RAG techniques for job matching, directly applicable to WBSO privacy-aware data processing"
"Privacy-bewuste Cloud Integratie","","pkuppens/on_prem_rag","Core WBSO project - Direct implementation of privacy-aware RAG system with local data processing"
"Privacy-bewuste Cloud Integratie","Cloud-waardigheid Beslisregels","pkuppens/healthcare-aigent","Highly relevant - Healthcare domain requires same privacy/security concerns as WBSO project, good reference implementation"
"Privacy-bewuste Cloud Integratie","Cloud-waardigheid Beslisregels","pkuppens/motivatie-brieven-ai","Highly relevant - Handles confidential CV/resume data with RAG techniques for job matching, directly applicable to WBSO privacy-aware data processing"
"Privacy-bewuste Cloud Integratie","Cloud-waardigheid Beslisregels","pkuppens/on_prem_rag","Core WBSO project - Direct implementation of privacy-aware RAG system with local data processing"
"Privacy-bewuste Cloud Integratie","Data Anonimisering en Pseudonimisering","pkuppens/healthcare-aigent","Highly relevant - Healthcare domain requires same privacy/security concerns as WBSO project, good reference implementation"
"Privacy-bewuste Cloud Integratie","Data Anonimisering en Pseudonimisering","pkuppens/motivatie-brieven-ai","Highly relevant - Handles confidential CV/resume data with RAG techniques for job matching, directly applicable to WBSO privacy-aware data processing"
"Privacy-bewuste Cloud Integratie","Data Anonimisering en Pseudonimisering","pkuppens/on_prem_rag","Core WBSO project - Direct implementation of privacy-aware RAG system with local data processing"
"RAG Pipeline Ontwikkeling","","pkuppens/WBSO-AICM-2025-01","Core WBSO project - Direct project repository with framework development"
"RAG Pipeline Ontwikkeling","","pkuppens/chrome_extensions","Related - RAG document storage/retrieval techniques applicable to WBSO project"
"RAG Pipeline Ontwikkeling","","pkuppens/context_engineering","Highly relevant - Context-aware processing essential for WBSO role-based access control and intent recognition"
"RAG Pipeline Ontwikkeling","","pkuppens/on_prem_rag","Core WBSO project - Direct implementation of privacy-aware RAG system with local data processing"
"RAG Pipeline Ontwikkeling","Document Retrieval en Context Aggregatie","pkuppens/WBSO-AICM-2025-01","Core WBSO project - Direct project repository with framework development"
"RAG Pipeline Ontwikkeling","Document Retrieval en Context Aggregatie","pkuppens/chrome_extensions","Related - RAG document storage/retrieval techniques applicable to WBSO project"
"RAG Pipeline Ontwikkeling","Document Retrieval en Context Aggregatie","pkuppens/context_engineering","Highly relevant - Context-aware processing essential for WBSO role-based access control and intent recognition"
"RAG Pipeline Ontwikkeling","Document Retrieval en Context Aggregatie","pkuppens/on_prem_rag","Core WBSO project - Direct implementation of privacy-aware RAG system with local data processing"
"Technische Documentatie Ontwikkeling","","pkuppens/chrome_extensions","Related - RAG document storage/retrieval techniques applicable to WBSO project"
"Technische Documentatie Ontwikkeling","","pkuppens/on_prem_rag","Core WBSO project - Direct implementation of privacy-aware RAG system with local data processing"
"Test Framework Ontwikkeling","","pkuppens/gemini_agent","Related - Agent development techniques and LLM integration relevant to WBSO AI agent framework"
"Test Framework Ontwikkeling","","pkuppens/my_chat_gpt","Related - LLM interaction patterns and prompt engineering relevant to WBSO LLM integration"
